path,split,total_count,n_triangle,n_square,n_pentagon,n_hexagon,n_circle
data\generated\scenes\train\scene_0000.png,train,3,1,0,0,2,0
data\generated\scenes\train\scene_0001.png,train,3,0,0,1,1,1
data\generated\scenes\train\scene_0002.png,train,2,0,0,1,1,0
data\generated\scenes\train\scene_0003.png,train,5,1,0,1,2,1
data\generated\scenes\train\scene_0004.png,train,5,1,0,2,1,1
data\generated\scenes\train\scene_0005.png,train,5,1,3,1,0,0
data\generated\scenes\train\scene_0006.png,train,2,0,0,0,0,2
data\generated\scenes\train\scene_0007.png,train,5,3,1,0,1,0
data\generated\scenes\train\scene_0008.png,train,4,0,0,2,1,1
data\generated\scenes\train\scene_0009.png,train,2,0,1,0,1,0
data\generated\scenes\train\scene_0010.png,train,3,2,0,0,1,0
data\generated\scenes\train\scene_0011.png,train,2,0,1,0,1,0
data\generated\scenes\train\scene_0012.png,train,6,3,0,0,2,1
data\generated\scenes\train\scene_0013.png,train,4,0,1,2,1,0
data\generated\scenes\train\scene_0014.png,train,3,1,0,0,0,2
data\generated\scenes\train\scene_0015.png,train,5,1,2,0,0,2
data\generated\scenes\train\scene_0016.png,train,6,2,2,0,2,0
data\generated\scenes\train\scene_0017.png,train,3,0,2,0,0,1
data\generated\scenes\train\scene_0018.png,train,6,4,2,0,0,0
data\generated\scenes\train\scene_0019.png,train,2,1,0,0,0,1
data\generated\scenes\train\scene_0020.png,train,2,0,0,0,1,1
data\generated\scenes\train\scene_0021.png,train,3,0,3,0,0,0
data\generated\scenes\train\scene_0022.png,train,3,0,2,1,0,0
data\generated\scenes\train\scene_0023.png,train,4,1,0,2,1,0
data\generated\scenes\train\scene_0024.png,train,5,0,2,0,1,2
data\generated\scenes\train\scene_0025.png,train,4,1,0,2,0,1
data\generated\scenes\train\scene_0026.png,train,3,1,1,0,1,0
data\generated\scenes\train\scene_0027.png,train,2,0,0,0,0,2
data\generated\scenes\train\scene_0028.png,train,2,0,0,0,1,1
data\generated\scenes\train\scene_0029.png,train,2,2,0,0,0,0
data\generated\scenes\train\scene_0030.png,train,4,0,1,1,1,1
data\generated\scenes\train\scene_0031.png,train,6,2,1,0,1,2
data\generated\scenes\train\scene_0032.png,train,4,2,1,1,0,0
data\generated\scenes\train\scene_0033.png,train,3,0,0,1,1,1
data\generated\scenes\train\scene_0034.png,train,6,0,3,1,1,1
data\generated\scenes\train\scene_0035.png,train,2,0,1,0,0,1
data\generated\scenes\train\scene_0036.png,train,4,1,1,1,1,0
data\generated\scenes\train\scene_0037.png,train,5,1,0,2,2,0
data\generated\scenes\train\scene_0038.png,train,2,0,0,0,1,1
data\generated\scenes\train\scene_0039.png,train,3,0,0,2,1,0
data\generated\scenes\train\scene_0040.png,train,3,1,1,0,1,0
data\generated\scenes\train\scene_0041.png,train,6,3,2,1,0,0
data\generated\scenes\train\scene_0042.png,train,3,1,0,1,1,0
data\generated\scenes\train\scene_0043.png,train,6,1,1,1,1,2
data\generated\scenes\train\scene_0044.png,train,6,3,1,1,1,0
data\generated\scenes\train\scene_0045.png,train,2,0,0,0,1,1
data\generated\scenes\train\scene_0046.png,train,4,2,0,0,1,1
data\generated\scenes\train\scene_0047.png,train,4,0,0,1,0,3
data\generated\scenes\train\scene_0048.png,train,4,0,1,1,0,2
data\generated\scenes\train\scene_0049.png,train,4,2,1,0,1,0
data\generated\scenes\train\scene_0050.png,train,2,0,2,0,0,0
data\generated\scenes\train\scene_0051.png,train,2,0,0,0,1,1
data\generated\scenes\train\scene_0052.png,train,5,2,1,2,0,0
data\generated\scenes\train\scene_0053.png,train,5,2,0,2,1,0
data\generated\scenes\train\scene_0054.png,train,2,1,0,0,0,1
data\generated\scenes\train\scene_0055.png,train,2,0,0,1,1,0
data\generated\scenes\train\scene_0056.png,train,4,2,0,0,2,0
data\generated\scenes\train\scene_0057.png,train,2,1,0,0,0,1
data\generated\scenes\train\scene_0058.png,train,5,0,1,0,2,2
data\generated\scenes\train\scene_0059.png,train,4,2,0,2,0,0
data\generated\scenes\train\scene_0060.png,train,2,0,1,0,0,1
data\generated\scenes\train\scene_0061.png,train,2,0,1,0,1,0
data\generated\scenes\train\scene_0062.png,train,4,1,0,1,2,0
data\generated\scenes\train\scene_0063.png,train,3,1,0,1,1,0
data\generated\scenes\train\scene_0064.png,train,5,1,1,0,3,0
data\generated\scenes\train\scene_0065.png,train,5,1,0,1,0,3
data\generated\scenes\train\scene_0066.png,train,3,2,0,0,1,0
data\generated\scenes\train\scene_0067.png,train,5,2,0,1,2,0
data\generated\scenes\train\scene_0068.png,train,2,0,1,0,1,0
data\generated\scenes\train\scene_0069.png,train,4,0,1,1,1,1
data\generated\scenes\train\scene_0070.png,train,2,0,0,1,1,0
data\generated\scenes\train\scene_0071.png,train,5,0,0,1,2,2
data\generated\scenes\train\scene_0072.png,train,2,0,0,2,0,0
data\generated\scenes\train\scene_0073.png,train,4,3,1,0,0,0
data\generated\scenes\train\scene_0074.png,train,2,0,0,1,0,1
data\generated\scenes\train\scene_0075.png,train,3,0,0,1,2,0
data\generated\scenes\train\scene_0076.png,train,5,2,2,0,0,1
data\generated\scenes\train\scene_0077.png,train,4,1,2,0,0,1
data\generated\scenes\train\scene_0078.png,train,2,1,1,0,0,0
data\generated\scenes\train\scene_0079.png,train,3,0,1,1,1,0
data\generated\scenes\train\scene_0080.png,train,3,0,1,1,0,1
data\generated\scenes\train\scene_0081.png,train,3,1,0,0,0,2
data\generated\scenes\train\scene_0082.png,train,3,1,0,0,1,1
data\generated\scenes\train\scene_0083.png,train,3,0,3,0,0,0
data\generated\scenes\train\scene_0084.png,train,2,0,0,0,0,2
data\generated\scenes\train\scene_0085.png,train,5,1,0,1,0,3
data\generated\scenes\train\scene_0086.png,train,4,2,1,0,0,1
data\generated\scenes\train\scene_0087.png,train,4,2,0,2,0,0
data\generated\scenes\train\scene_0088.png,train,6,3,0,1,1,1
data\generated\scenes\train\scene_0089.png,train,3,0,0,0,3,0
data\generated\scenes\train\scene_0090.png,train,6,1,1,0,2,2
data\generated\scenes\train\scene_0091.png,train,3,1,2,0,0,0
data\generated\scenes\train\scene_0092.png,train,5,0,1,1,3,0
data\generated\scenes\train\scene_0093.png,train,4,2,1,1,0,0
data\generated\scenes\train\scene_0094.png,train,2,1,1,0,0,0
data\generated\scenes\train\scene_0095.png,train,6,1,1,1,3,0
data\generated\scenes\train\scene_0096.png,train,2,0,0,2,0,0
data\generated\scenes\train\scene_0097.png,train,5,0,2,2,0,1
data\generated\scenes\train\scene_0098.png,train,3,0,0,1,2,0
data\generated\scenes\train\scene_0099.png,train,3,0,1,2,0,0
data\generated\scenes\test\scene_0000.png,test,4,2,1,1,0,0
data\generated\scenes\test\scene_0001.png,test,4,1,0,0,3,0
data\generated\scenes\test\scene_0002.png,test,3,0,0,2,0,1
data\generated\scenes\test\scene_0003.png,test,3,1,1,1,0,0
data\generated\scenes\test\scene_0004.png,test,6,1,2,2,1,0
data\generated\scenes\test\scene_0005.png,test,4,0,1,2,0,1
data\generated\scenes\test\scene_0006.png,test,6,2,4,0,0,0
data\generated\scenes\test\scene_0007.png,test,5,1,0,0,1,3
data\generated\scenes\test\scene_0008.png,test,4,3,0,1,0,0
data\generated\scenes\test\scene_0009.png,test,6,2,0,2,1,1
data\generated\scenes\test\scene_0010.png,test,2,0,0,0,2,0
data\generated\scenes\test\scene_0011.png,test,2,1,0,0,1,0
data\generated\scenes\test\scene_0012.png,test,5,2,1,0,0,2
data\generated\scenes\test\scene_0013.png,test,2,0,0,2,0,0
data\generated\scenes\test\scene_0014.png,test,4,0,0,2,1,1
data\generated\scenes\test\scene_0015.png,test,2,0,0,1,0,1
data\generated\scenes\test\scene_0016.png,test,3,1,0,1,1,0
data\generated\scenes\test\scene_0017.png,test,4,0,1,0,2,1
data\generated\scenes\test\scene_0018.png,test,6,2,2,1,1,0
data\generated\scenes\test\scene_0019.png,test,4,1,0,1,1,1
data\generated\scenes\test\scene_0020.png,test,4,2,1,0,1,0
data\generated\scenes\test\scene_0021.png,test,2,0,0,0,1,1
data\generated\scenes\test\scene_0022.png,test,2,1,0,0,1,0
data\generated\scenes\test\scene_0023.png,test,3,1,2,0,0,0
data\generated\scenes\test\scene_0024.png,test,6,0,2,2,2,0
data\generated\scenes\test\scene_0025.png,test,3,1,0,1,0,1
data\generated\scenes\test\scene_0026.png,test,6,1,2,0,2,1
data\generated\scenes\test\scene_0027.png,test,4,0,1,1,1,1
data\generated\scenes\test\scene_0028.png,test,6,1,1,1,1,2
data\generated\scenes\test\scene_0029.png,test,4,0,0,2,2,0
data\generated\scenes\test\scene_0030.png,test,5,0,0,3,2,0
data\generated\scenes\test\scene_0031.png,test,3,0,1,0,0,2
data\generated\scenes\test\scene_0032.png,test,5,1,1,2,0,1
data\generated\scenes\test\scene_0033.png,test,6,1,0,2,3,0
data\generated\scenes\test\scene_0034.png,test,5,1,2,2,0,0
data\generated\scenes\test\scene_0035.png,test,2,0,1,1,0,0
data\generated\scenes\test\scene_0036.png,test,5,0,1,1,1,2
data\generated\scenes\test\scene_0037.png,test,4,0,2,1,0,1
data\generated\scenes\test\scene_0038.png,test,2,0,0,1,1,0
data\generated\scenes\test\scene_0039.png,test,3,0,1,1,0,1
