path,label,split,width,height
data\generated\single\train\triangle\triangle_0000.png,triangle,train,128,128
data\generated\single\train\triangle\triangle_0001.png,triangle,train,128,128
data\generated\single\train\triangle\triangle_0002.png,triangle,train,128,128
data\generated\single\train\triangle\triangle_0003.png,triangle,train,128,128
data\generated\single\train\triangle\triangle_0004.png,triangle,train,128,128
data\generated\single\train\triangle\triangle_0005.png,triangle,train,128,128
data\generated\single\train\triangle\triangle_0006.png,triangle,train,128,128
data\generated\single\train\triangle\triangle_0007.png,triangle,train,128,128
data\generated\single\train\triangle\triangle_0008.png,triangle,train,128,128
data\generated\single\train\triangle\triangle_0009.png,triangle,train,128,128
data\generated\single\train\triangle\triangle_0010.png,triangle,train,128,128
data\generated\single\train\triangle\triangle_0011.png,triangle,train,128,128
data\generated\single\train\triangle\triangle_0012.png,triangle,train,128,128
data\generated\single\train\triangle\triangle_0013.png,triangle,train,128,128
data\generated\single\train\triangle\triangle_0014.png,triangle,train,128,128
data\generated\single\train\triangle\triangle_0015.png,triangle,train,128,128
data\generated\single\train\triangle\triangle_0016.png,triangle,train,128,128
data\generated\single\train\triangle\triangle_0017.png,triangle,train,128,128
data\generated\single\train\triangle\triangle_0018.png,triangle,train,128,128
data\generated\single\train\triangle\triangle_0019.png,triangle,train,128,128
data\generated\single\train\triangle\triangle_0020.png,triangle,train,128,128
data\generated\single\train\triangle\triangle_0021.png,triangle,train,128,128
data\generated\single\train\triangle\triangle_0022.png,triangle,train,128,128
data\generated\single\train\triangle\triangle_0023.png,triangle,train,128,128
data\generated\single\train\triangle\triangle_0024.png,triangle,train,128,128
data\generated\single\train\triangle\triangle_0025.png,triangle,train,128,128
data\generated\single\train\triangle\triangle_0026.png,triangle,train,128,128
data\generated\single\train\triangle\triangle_0027.png,triangle,train,128,128
data\generated\single\train\triangle\triangle_0028.png,triangle,train,128,128
data\generated\single\train\triangle\triangle_0029.png,triangle,train,128,128
data\generated\single\train\triangle\triangle_0030.png,triangle,train,128,128
data\generated\single\train\triangle\triangle_0031.png,triangle,train,128,128
data\generated\single\train\triangle\triangle_0032.png,triangle,train,128,128
data\generated\single\train\triangle\triangle_0033.png,triangle,train,128,128
data\generated\single\train\triangle\triangle_0034.png,triangle,train,128,128
data\generated\single\train\triangle\triangle_0035.png,triangle,train,128,128
data\generated\single\train\triangle\triangle_0036.png,triangle,train,128,128
data\generated\single\train\triangle\triangle_0037.png,triangle,train,128,128
data\generated\single\train\triangle\triangle_0038.png,triangle,train,128,128
data\generated\single\train\triangle\triangle_0039.png,triangle,train,128,128
data\generated\single\train\triangle\triangle_0040.png,triangle,train,128,128
data\generated\single\train\triangle\triangle_0041.png,triangle,train,128,128
data\generated\single\train\triangle\triangle_0042.png,triangle,train,128,128
data\generated\single\train\triangle\triangle_0043.png,triangle,train,128,128
data\generated\single\train\triangle\triangle_0044.png,triangle,train,128,128
data\generated\single\train\triangle\triangle_0045.png,triangle,train,128,128
data\generated\single\train\triangle\triangle_0046.png,triangle,train,128,128
data\generated\single\train\triangle\triangle_0047.png,triangle,train,128,128
data\generated\single\train\triangle\triangle_0048.png,triangle,train,128,128
data\generated\single\train\triangle\triangle_0049.png,triangle,train,128,128
data\generated\single\train\triangle\triangle_0050.png,triangle,train,128,128
data\generated\single\train\triangle\triangle_0051.png,triangle,train,128,128
data\generated\single\train\triangle\triangle_0052.png,triangle,train,128,128
data\generated\single\train\triangle\triangle_0053.png,triangle,train,128,128
data\generated\single\train\triangle\triangle_0054.png,triangle,train,128,128
data\generated\single\train\triangle\triangle_0055.png,triangle,train,128,128
data\generated\single\train\triangle\triangle_0056.png,triangle,train,128,128
data\generated\single\train\triangle\triangle_0057.png,triangle,train,128,128
data\generated\single\train\triangle\triangle_0058.png,triangle,train,128,128
data\generated\single\train\triangle\triangle_0059.png,triangle,train,128,128
data\generated\single\train\triangle\triangle_0060.png,triangle,train,128,128
data\generated\single\train\triangle\triangle_0061.png,triangle,train,128,128
data\generated\single\train\triangle\triangle_0062.png,triangle,train,128,128
data\generated\single\train\triangle\triangle_0063.png,triangle,train,128,128
data\generated\single\train\triangle\triangle_0064.png,triangle,train,128,128
data\generated\single\train\triangle\triangle_0065.png,triangle,train,128,128
data\generated\single\train\triangle\triangle_0066.png,triangle,train,128,128
data\generated\single\train\triangle\triangle_0067.png,triangle,train,128,128
data\generated\single\train\triangle\triangle_0068.png,triangle,train,128,128
data\generated\single\train\triangle\triangle_0069.png,triangle,train,128,128
data\generated\single\train\triangle\triangle_0070.png,triangle,train,128,128
data\generated\single\train\triangle\triangle_0071.png,triangle,train,128,128
data\generated\single\train\triangle\triangle_0072.png,triangle,train,128,128
data\generated\single\train\triangle\triangle_0073.png,triangle,train,128,128
data\generated\single\train\triangle\triangle_0074.png,triangle,train,128,128
data\generated\single\train\triangle\triangle_0075.png,triangle,train,128,128
data\generated\single\train\triangle\triangle_0076.png,triangle,train,128,128
data\generated\single\train\triangle\triangle_0077.png,triangle,train,128,128
data\generated\single\train\triangle\triangle_0078.png,triangle,train,128,128
data\generated\single\train\triangle\triangle_0079.png,triangle,train,128,128
data\generated\single\train\triangle\triangle_0080.png,triangle,train,128,128
data\generated\single\train\triangle\triangle_0081.png,triangle,train,128,128
data\generated\single\train\triangle\triangle_0082.png,triangle,train,128,128
data\generated\single\train\triangle\triangle_0083.png,triangle,train,128,128
data\generated\single\train\triangle\triangle_0084.png,triangle,train,128,128
data\generated\single\train\triangle\triangle_0085.png,triangle,train,128,128
data\generated\single\train\triangle\triangle_0086.png,triangle,train,128,128
data\generated\single\train\triangle\triangle_0087.png,triangle,train,128,128
data\generated\single\train\triangle\triangle_0088.png,triangle,train,128,128
data\generated\single\train\triangle\triangle_0089.png,triangle,train,128,128
data\generated\single\train\triangle\triangle_0090.png,triangle,train,128,128
data\generated\single\train\triangle\triangle_0091.png,triangle,train,128,128
data\generated\single\train\triangle\triangle_0092.png,triangle,train,128,128
data\generated\single\train\triangle\triangle_0093.png,triangle,train,128,128
data\generated\single\train\triangle\triangle_0094.png,triangle,train,128,128
data\generated\single\train\triangle\triangle_0095.png,triangle,train,128,128
data\generated\single\train\triangle\triangle_0096.png,triangle,train,128,128
data\generated\single\train\triangle\triangle_0097.png,triangle,train,128,128
data\generated\single\train\triangle\triangle_0098.png,triangle,train,128,128
data\generated\single\train\triangle\triangle_0099.png,triangle,train,128,128
data\generated\single\train\triangle\triangle_0100.png,triangle,train,128,128
data\generated\single\train\triangle\triangle_0101.png,triangle,train,128,128
data\generated\single\train\triangle\triangle_0102.png,triangle,train,128,128
data\generated\single\train\triangle\triangle_0103.png,triangle,train,128,128
data\generated\single\train\triangle\triangle_0104.png,triangle,train,128,128
data\generated\single\train\triangle\triangle_0105.png,triangle,train,128,128
data\generated\single\train\triangle\triangle_0106.png,triangle,train,128,128
data\generated\single\train\triangle\triangle_0107.png,triangle,train,128,128
data\generated\single\train\triangle\triangle_0108.png,triangle,train,128,128
data\generated\single\train\triangle\triangle_0109.png,triangle,train,128,128
data\generated\single\train\triangle\triangle_0110.png,triangle,train,128,128
data\generated\single\train\triangle\triangle_0111.png,triangle,train,128,128
data\generated\single\train\triangle\triangle_0112.png,triangle,train,128,128
data\generated\single\train\triangle\triangle_0113.png,triangle,train,128,128
data\generated\single\train\triangle\triangle_0114.png,triangle,train,128,128
data\generated\single\train\triangle\triangle_0115.png,triangle,train,128,128
data\generated\single\train\triangle\triangle_0116.png,triangle,train,128,128
data\generated\single\train\triangle\triangle_0117.png,triangle,train,128,128
data\generated\single\train\triangle\triangle_0118.png,triangle,train,128,128
data\generated\single\train\triangle\triangle_0119.png,triangle,train,128,128
data\generated\single\train\triangle\triangle_0120.png,triangle,train,128,128
data\generated\single\train\triangle\triangle_0121.png,triangle,train,128,128
data\generated\single\train\triangle\triangle_0122.png,triangle,train,128,128
data\generated\single\train\triangle\triangle_0123.png,triangle,train,128,128
data\generated\single\train\triangle\triangle_0124.png,triangle,train,128,128
data\generated\single\train\triangle\triangle_0125.png,triangle,train,128,128
data\generated\single\train\triangle\triangle_0126.png,triangle,train,128,128
data\generated\single\train\triangle\triangle_0127.png,triangle,train,128,128
data\generated\single\train\triangle\triangle_0128.png,triangle,train,128,128
data\generated\single\train\triangle\triangle_0129.png,triangle,train,128,128
data\generated\single\train\triangle\triangle_0130.png,triangle,train,128,128
data\generated\single\train\triangle\triangle_0131.png,triangle,train,128,128
data\generated\single\train\triangle\triangle_0132.png,triangle,train,128,128
data\generated\single\train\triangle\triangle_0133.png,triangle,train,128,128
data\generated\single\train\triangle\triangle_0134.png,triangle,train,128,128
data\generated\single\train\triangle\triangle_0135.png,triangle,train,128,128
data\generated\single\train\triangle\triangle_0136.png,triangle,train,128,128
data\generated\single\train\triangle\triangle_0137.png,triangle,train,128,128
data\generated\single\train\triangle\triangle_0138.png,triangle,train,128,128
data\generated\single\train\triangle\triangle_0139.png,triangle,train,128,128
data\generated\single\train\triangle\triangle_0140.png,triangle,train,128,128
data\generated\single\train\triangle\triangle_0141.png,triangle,train,128,128
data\generated\single\train\triangle\triangle_0142.png,triangle,train,128,128
data\generated\single\train\triangle\triangle_0143.png,triangle,train,128,128
data\generated\single\train\triangle\triangle_0144.png,triangle,train,128,128
data\generated\single\train\triangle\triangle_0145.png,triangle,train,128,128
data\generated\single\train\triangle\triangle_0146.png,triangle,train,128,128
data\generated\single\train\triangle\triangle_0147.png,triangle,train,128,128
data\generated\single\train\triangle\triangle_0148.png,triangle,train,128,128
data\generated\single\train\triangle\triangle_0149.png,triangle,train,128,128
data\generated\single\train\triangle\triangle_0150.png,triangle,train,128,128
data\generated\single\train\triangle\triangle_0151.png,triangle,train,128,128
data\generated\single\train\triangle\triangle_0152.png,triangle,train,128,128
data\generated\single\train\triangle\triangle_0153.png,triangle,train,128,128
data\generated\single\train\triangle\triangle_0154.png,triangle,train,128,128
data\generated\single\train\triangle\triangle_0155.png,triangle,train,128,128
data\generated\single\train\triangle\triangle_0156.png,triangle,train,128,128
data\generated\single\train\triangle\triangle_0157.png,triangle,train,128,128
data\generated\single\train\triangle\triangle_0158.png,triangle,train,128,128
data\generated\single\train\triangle\triangle_0159.png,triangle,train,128,128
data\generated\single\train\triangle\triangle_0160.png,triangle,train,128,128
data\generated\single\train\triangle\triangle_0161.png,triangle,train,128,128
data\generated\single\train\triangle\triangle_0162.png,triangle,train,128,128
data\generated\single\train\triangle\triangle_0163.png,triangle,train,128,128
data\generated\single\train\triangle\triangle_0164.png,triangle,train,128,128
data\generated\single\train\triangle\triangle_0165.png,triangle,train,128,128
data\generated\single\train\triangle\triangle_0166.png,triangle,train,128,128
data\generated\single\train\triangle\triangle_0167.png,triangle,train,128,128
data\generated\single\train\triangle\triangle_0168.png,triangle,train,128,128
data\generated\single\train\triangle\triangle_0169.png,triangle,train,128,128
data\generated\single\train\triangle\triangle_0170.png,triangle,train,128,128
data\generated\single\train\triangle\triangle_0171.png,triangle,train,128,128
data\generated\single\train\triangle\triangle_0172.png,triangle,train,128,128
data\generated\single\train\triangle\triangle_0173.png,triangle,train,128,128
data\generated\single\train\triangle\triangle_0174.png,triangle,train,128,128
data\generated\single\train\triangle\triangle_0175.png,triangle,train,128,128
data\generated\single\train\triangle\triangle_0176.png,triangle,train,128,128
data\generated\single\train\triangle\triangle_0177.png,triangle,train,128,128
data\generated\single\train\triangle\triangle_0178.png,triangle,train,128,128
data\generated\single\train\triangle\triangle_0179.png,triangle,train,128,128
data\generated\single\train\triangle\triangle_0180.png,triangle,train,128,128
data\generated\single\train\triangle\triangle_0181.png,triangle,train,128,128
data\generated\single\train\triangle\triangle_0182.png,triangle,train,128,128
data\generated\single\train\triangle\triangle_0183.png,triangle,train,128,128
data\generated\single\train\triangle\triangle_0184.png,triangle,train,128,128
data\generated\single\train\triangle\triangle_0185.png,triangle,train,128,128
data\generated\single\train\triangle\triangle_0186.png,triangle,train,128,128
data\generated\single\train\triangle\triangle_0187.png,triangle,train,128,128
data\generated\single\train\triangle\triangle_0188.png,triangle,train,128,128
data\generated\single\train\triangle\triangle_0189.png,triangle,train,128,128
data\generated\single\train\triangle\triangle_0190.png,triangle,train,128,128
data\generated\single\train\triangle\triangle_0191.png,triangle,train,128,128
data\generated\single\train\triangle\triangle_0192.png,triangle,train,128,128
data\generated\single\train\triangle\triangle_0193.png,triangle,train,128,128
data\generated\single\train\triangle\triangle_0194.png,triangle,train,128,128
data\generated\single\train\triangle\triangle_0195.png,triangle,train,128,128
data\generated\single\train\triangle\triangle_0196.png,triangle,train,128,128
data\generated\single\train\triangle\triangle_0197.png,triangle,train,128,128
data\generated\single\train\triangle\triangle_0198.png,triangle,train,128,128
data\generated\single\train\triangle\triangle_0199.png,triangle,train,128,128
data\generated\single\train\square\square_0000.png,square,train,128,128
data\generated\single\train\square\square_0001.png,square,train,128,128
data\generated\single\train\square\square_0002.png,square,train,128,128
data\generated\single\train\square\square_0003.png,square,train,128,128
data\generated\single\train\square\square_0004.png,square,train,128,128
data\generated\single\train\square\square_0005.png,square,train,128,128
data\generated\single\train\square\square_0006.png,square,train,128,128
data\generated\single\train\square\square_0007.png,square,train,128,128
data\generated\single\train\square\square_0008.png,square,train,128,128
data\generated\single\train\square\square_0009.png,square,train,128,128
data\generated\single\train\square\square_0010.png,square,train,128,128
data\generated\single\train\square\square_0011.png,square,train,128,128
data\generated\single\train\square\square_0012.png,square,train,128,128
data\generated\single\train\square\square_0013.png,square,train,128,128
data\generated\single\train\square\square_0014.png,square,train,128,128
data\generated\single\train\square\square_0015.png,square,train,128,128
data\generated\single\train\square\square_0016.png,square,train,128,128
data\generated\single\train\square\square_0017.png,square,train,128,128
data\generated\single\train\square\square_0018.png,square,train,128,128
data\generated\single\train\square\square_0019.png,square,train,128,128
data\generated\single\train\square\square_0020.png,square,train,128,128
data\generated\single\train\square\square_0021.png,square,train,128,128
data\generated\single\train\square\square_0022.png,square,train,128,128
data\generated\single\train\square\square_0023.png,square,train,128,128
data\generated\single\train\square\square_0024.png,square,train,128,128
data\generated\single\train\square\square_0025.png,square,train,128,128
data\generated\single\train\square\square_0026.png,square,train,128,128
data\generated\single\train\square\square_0027.png,square,train,128,128
data\generated\single\train\square\square_0028.png,square,train,128,128
data\generated\single\train\square\square_0029.png,square,train,128,128
data\generated\single\train\square\square_0030.png,square,train,128,128
data\generated\single\train\square\square_0031.png,square,train,128,128
data\generated\single\train\square\square_0032.png,square,train,128,128
data\generated\single\train\square\square_0033.png,square,train,128,128
data\generated\single\train\square\square_0034.png,square,train,128,128
data\generated\single\train\square\square_0035.png,square,train,128,128
data\generated\single\train\square\square_0036.png,square,train,128,128
data\generated\single\train\square\square_0037.png,square,train,128,128
data\generated\single\train\square\square_0038.png,square,train,128,128
data\generated\single\train\square\square_0039.png,square,train,128,128
data\generated\single\train\square\square_0040.png,square,train,128,128
data\generated\single\train\square\square_0041.png,square,train,128,128
data\generated\single\train\square\square_0042.png,square,train,128,128
data\generated\single\train\square\square_0043.png,square,train,128,128
data\generated\single\train\square\square_0044.png,square,train,128,128
data\generated\single\train\square\square_0045.png,square,train,128,128
data\generated\single\train\square\square_0046.png,square,train,128,128
data\generated\single\train\square\square_0047.png,square,train,128,128
data\generated\single\train\square\square_0048.png,square,train,128,128
data\generated\single\train\square\square_0049.png,square,train,128,128
data\generated\single\train\square\square_0050.png,square,train,128,128
data\generated\single\train\square\square_0051.png,square,train,128,128
data\generated\single\train\square\square_0052.png,square,train,128,128
data\generated\single\train\square\square_0053.png,square,train,128,128
data\generated\single\train\square\square_0054.png,square,train,128,128
data\generated\single\train\square\square_0055.png,square,train,128,128
data\generated\single\train\square\square_0056.png,square,train,128,128
data\generated\single\train\square\square_0057.png,square,train,128,128
data\generated\single\train\square\square_0058.png,square,train,128,128
data\generated\single\train\square\square_0059.png,square,train,128,128
data\generated\single\train\square\square_0060.png,square,train,128,128
data\generated\single\train\square\square_0061.png,square,train,128,128
data\generated\single\train\square\square_0062.png,square,train,128,128
data\generated\single\train\square\square_0063.png,square,train,128,128
data\generated\single\train\square\square_0064.png,square,train,128,128
data\generated\single\train\square\square_0065.png,square,train,128,128
data\generated\single\train\square\square_0066.png,square,train,128,128
data\generated\single\train\square\square_0067.png,square,train,128,128
data\generated\single\train\square\square_0068.png,square,train,128,128
data\generated\single\train\square\square_0069.png,square,train,128,128
data\generated\single\train\square\square_0070.png,square,train,128,128
data\generated\single\train\square\square_0071.png,square,train,128,128
data\generated\single\train\square\square_0072.png,square,train,128,128
data\generated\single\train\square\square_0073.png,square,train,128,128
data\generated\single\train\square\square_0074.png,square,train,128,128
data\generated\single\train\square\square_0075.png,square,train,128,128
data\generated\single\train\square\square_0076.png,square,train,128,128
data\generated\single\train\square\square_0077.png,square,train,128,128
data\generated\single\train\square\square_0078.png,square,train,128,128
data\generated\single\train\square\square_0079.png,square,train,128,128
data\generated\single\train\square\square_0080.png,square,train,128,128
data\generated\single\train\square\square_0081.png,square,train,128,128
data\generated\single\train\square\square_0082.png,square,train,128,128
data\generated\single\train\square\square_0083.png,square,train,128,128
data\generated\single\train\square\square_0084.png,square,train,128,128
data\generated\single\train\square\square_0085.png,square,train,128,128
data\generated\single\train\square\square_0086.png,square,train,128,128
data\generated\single\train\square\square_0087.png,square,train,128,128
data\generated\single\train\square\square_0088.png,square,train,128,128
data\generated\single\train\square\square_0089.png,square,train,128,128
data\generated\single\train\square\square_0090.png,square,train,128,128
data\generated\single\train\square\square_0091.png,square,train,128,128
data\generated\single\train\square\square_0092.png,square,train,128,128
data\generated\single\train\square\square_0093.png,square,train,128,128
data\generated\single\train\square\square_0094.png,square,train,128,128
data\generated\single\train\square\square_0095.png,square,train,128,128
data\generated\single\train\square\square_0096.png,square,train,128,128
data\generated\single\train\square\square_0097.png,square,train,128,128
data\generated\single\train\square\square_0098.png,square,train,128,128
data\generated\single\train\square\square_0099.png,square,train,128,128
data\generated\single\train\square\square_0100.png,square,train,128,128
data\generated\single\train\square\square_0101.png,square,train,128,128
data\generated\single\train\square\square_0102.png,square,train,128,128
data\generated\single\train\square\square_0103.png,square,train,128,128
data\generated\single\train\square\square_0104.png,square,train,128,128
data\generated\single\train\square\square_0105.png,square,train,128,128
data\generated\single\train\square\square_0106.png,square,train,128,128
data\generated\single\train\square\square_0107.png,square,train,128,128
data\generated\single\train\square\square_0108.png,square,train,128,128
data\generated\single\train\square\square_0109.png,square,train,128,128
data\generated\single\train\square\square_0110.png,square,train,128,128
data\generated\single\train\square\square_0111.png,square,train,128,128
data\generated\single\train\square\square_0112.png,square,train,128,128
data\generated\single\train\square\square_0113.png,square,train,128,128
data\generated\single\train\square\square_0114.png,square,train,128,128
data\generated\single\train\square\square_0115.png,square,train,128,128
data\generated\single\train\square\square_0116.png,square,train,128,128
data\generated\single\train\square\square_0117.png,square,train,128,128
data\generated\single\train\square\square_0118.png,square,train,128,128
data\generated\single\train\square\square_0119.png,square,train,128,128
data\generated\single\train\square\square_0120.png,square,train,128,128
data\generated\single\train\square\square_0121.png,square,train,128,128
data\generated\single\train\square\square_0122.png,square,train,128,128
data\generated\single\train\square\square_0123.png,square,train,128,128
data\generated\single\train\square\square_0124.png,square,train,128,128
data\generated\single\train\square\square_0125.png,square,train,128,128
data\generated\single\train\square\square_0126.png,square,train,128,128
data\generated\single\train\square\square_0127.png,square,train,128,128
data\generated\single\train\square\square_0128.png,square,train,128,128
data\generated\single\train\square\square_0129.png,square,train,128,128
data\generated\single\train\square\square_0130.png,square,train,128,128
data\generated\single\train\square\square_0131.png,square,train,128,128
data\generated\single\train\square\square_0132.png,square,train,128,128
data\generated\single\train\square\square_0133.png,square,train,128,128
data\generated\single\train\square\square_0134.png,square,train,128,128
data\generated\single\train\square\square_0135.png,square,train,128,128
data\generated\single\train\square\square_0136.png,square,train,128,128
data\generated\single\train\square\square_0137.png,square,train,128,128
data\generated\single\train\square\square_0138.png,square,train,128,128
data\generated\single\train\square\square_0139.png,square,train,128,128
data\generated\single\train\square\square_0140.png,square,train,128,128
data\generated\single\train\square\square_0141.png,square,train,128,128
data\generated\single\train\square\square_0142.png,square,train,128,128
data\generated\single\train\square\square_0143.png,square,train,128,128
data\generated\single\train\square\square_0144.png,square,train,128,128
data\generated\single\train\square\square_0145.png,square,train,128,128
data\generated\single\train\square\square_0146.png,square,train,128,128
data\generated\single\train\square\square_0147.png,square,train,128,128
data\generated\single\train\square\square_0148.png,square,train,128,128
data\generated\single\train\square\square_0149.png,square,train,128,128
data\generated\single\train\square\square_0150.png,square,train,128,128
data\generated\single\train\square\square_0151.png,square,train,128,128
data\generated\single\train\square\square_0152.png,square,train,128,128
data\generated\single\train\square\square_0153.png,square,train,128,128
data\generated\single\train\square\square_0154.png,square,train,128,128
data\generated\single\train\square\square_0155.png,square,train,128,128
data\generated\single\train\square\square_0156.png,square,train,128,128
data\generated\single\train\square\square_0157.png,square,train,128,128
data\generated\single\train\square\square_0158.png,square,train,128,128
data\generated\single\train\square\square_0159.png,square,train,128,128
data\generated\single\train\square\square_0160.png,square,train,128,128
data\generated\single\train\square\square_0161.png,square,train,128,128
data\generated\single\train\square\square_0162.png,square,train,128,128
data\generated\single\train\square\square_0163.png,square,train,128,128
data\generated\single\train\square\square_0164.png,square,train,128,128
data\generated\single\train\square\square_0165.png,square,train,128,128
data\generated\single\train\square\square_0166.png,square,train,128,128
data\generated\single\train\square\square_0167.png,square,train,128,128
data\generated\single\train\square\square_0168.png,square,train,128,128
data\generated\single\train\square\square_0169.png,square,train,128,128
data\generated\single\train\square\square_0170.png,square,train,128,128
data\generated\single\train\square\square_0171.png,square,train,128,128
data\generated\single\train\square\square_0172.png,square,train,128,128
data\generated\single\train\square\square_0173.png,square,train,128,128
data\generated\single\train\square\square_0174.png,square,train,128,128
data\generated\single\train\square\square_0175.png,square,train,128,128
data\generated\single\train\square\square_0176.png,square,train,128,128
data\generated\single\train\square\square_0177.png,square,train,128,128
data\generated\single\train\square\square_0178.png,square,train,128,128
data\generated\single\train\square\square_0179.png,square,train,128,128
data\generated\single\train\square\square_0180.png,square,train,128,128
data\generated\single\train\square\square_0181.png,square,train,128,128
data\generated\single\train\square\square_0182.png,square,train,128,128
data\generated\single\train\square\square_0183.png,square,train,128,128
data\generated\single\train\square\square_0184.png,square,train,128,128
data\generated\single\train\square\square_0185.png,square,train,128,128
data\generated\single\train\square\square_0186.png,square,train,128,128
data\generated\single\train\square\square_0187.png,square,train,128,128
data\generated\single\train\square\square_0188.png,square,train,128,128
data\generated\single\train\square\square_0189.png,square,train,128,128
data\generated\single\train\square\square_0190.png,square,train,128,128
data\generated\single\train\square\square_0191.png,square,train,128,128
data\generated\single\train\square\square_0192.png,square,train,128,128
data\generated\single\train\square\square_0193.png,square,train,128,128
data\generated\single\train\square\square_0194.png,square,train,128,128
data\generated\single\train\square\square_0195.png,square,train,128,128
data\generated\single\train\square\square_0196.png,square,train,128,128
data\generated\single\train\square\square_0197.png,square,train,128,128
data\generated\single\train\square\square_0198.png,square,train,128,128
data\generated\single\train\square\square_0199.png,square,train,128,128
data\generated\single\train\pentagon\pentagon_0000.png,pentagon,train,128,128
data\generated\single\train\pentagon\pentagon_0001.png,pentagon,train,128,128
data\generated\single\train\pentagon\pentagon_0002.png,pentagon,train,128,128
data\generated\single\train\pentagon\pentagon_0003.png,pentagon,train,128,128
data\generated\single\train\pentagon\pentagon_0004.png,pentagon,train,128,128
data\generated\single\train\pentagon\pentagon_0005.png,pentagon,train,128,128
data\generated\single\train\pentagon\pentagon_0006.png,pentagon,train,128,128
data\generated\single\train\pentagon\pentagon_0007.png,pentagon,train,128,128
data\generated\single\train\pentagon\pentagon_0008.png,pentagon,train,128,128
data\generated\single\train\pentagon\pentagon_0009.png,pentagon,train,128,128
data\generated\single\train\pentagon\pentagon_0010.png,pentagon,train,128,128
data\generated\single\train\pentagon\pentagon_0011.png,pentagon,train,128,128
data\generated\single\train\pentagon\pentagon_0012.png,pentagon,train,128,128
data\generated\single\train\pentagon\pentagon_0013.png,pentagon,train,128,128
data\generated\single\train\pentagon\pentagon_0014.png,pentagon,train,128,128
data\generated\single\train\pentagon\pentagon_0015.png,pentagon,train,128,128
data\generated\single\train\pentagon\pentagon_0016.png,pentagon,train,128,128
data\generated\single\train\pentagon\pentagon_0017.png,pentagon,train,128,128
data\generated\single\train\pentagon\pentagon_0018.png,pentagon,train,128,128
data\generated\single\train\pentagon\pentagon_0019.png,pentagon,train,128,128
data\generated\single\train\pentagon\pentagon_0020.png,pentagon,train,128,128
data\generated\single\train\pentagon\pentagon_0021.png,pentagon,train,128,128
data\generated\single\train\pentagon\pentagon_0022.png,pentagon,train,128,128
data\generated\single\train\pentagon\pentagon_0023.png,pentagon,train,128,128
data\generated\single\train\pentagon\pentagon_0024.png,pentagon,train,128,128
data\generated\single\train\pentagon\pentagon_0025.png,pentagon,train,128,128
data\generated\single\train\pentagon\pentagon_0026.png,pentagon,train,128,128
data\generated\single\train\pentagon\pentagon_0027.png,pentagon,train,128,128
data\generated\single\train\pentagon\pentagon_0028.png,pentagon,train,128,128
data\generated\single\train\pentagon\pentagon_0029.png,pentagon,train,128,128
data\generated\single\train\pentagon\pentagon_0030.png,pentagon,train,128,128
data\generated\single\train\pentagon\pentagon_0031.png,pentagon,train,128,128
data\generated\single\train\pentagon\pentagon_0032.png,pentagon,train,128,128
data\generated\single\train\pentagon\pentagon_0033.png,pentagon,train,128,128
data\generated\single\train\pentagon\pentagon_0034.png,pentagon,train,128,128
data\generated\single\train\pentagon\pentagon_0035.png,pentagon,train,128,128
data\generated\single\train\pentagon\pentagon_0036.png,pentagon,train,128,128
data\generated\single\train\pentagon\pentagon_0037.png,pentagon,train,128,128
data\generated\single\train\pentagon\pentagon_0038.png,pentagon,train,128,128
data\generated\single\train\pentagon\pentagon_0039.png,pentagon,train,128,128
data\generated\single\train\pentagon\pentagon_0040.png,pentagon,train,128,128
data\generated\single\train\pentagon\pentagon_0041.png,pentagon,train,128,128
data\generated\single\train\pentagon\pentagon_0042.png,pentagon,train,128,128
data\generated\single\train\pentagon\pentagon_0043.png,pentagon,train,128,128
data\generated\single\train\pentagon\pentagon_0044.png,pentagon,train,128,128
data\generated\single\train\pentagon\pentagon_0045.png,pentagon,train,128,128
data\generated\single\train\pentagon\pentagon_0046.png,pentagon,train,128,128
data\generated\single\train\pentagon\pentagon_0047.png,pentagon,train,128,128
data\generated\single\train\pentagon\pentagon_0048.png,pentagon,train,128,128
data\generated\single\train\pentagon\pentagon_0049.png,pentagon,train,128,128
data\generated\single\train\pentagon\pentagon_0050.png,pentagon,train,128,128
data\generated\single\train\pentagon\pentagon_0051.png,pentagon,train,128,128
data\generated\single\train\pentagon\pentagon_0052.png,pentagon,train,128,128
data\generated\single\train\pentagon\pentagon_0053.png,pentagon,train,128,128
data\generated\single\train\pentagon\pentagon_0054.png,pentagon,train,128,128
data\generated\single\train\pentagon\pentagon_0055.png,pentagon,train,128,128
data\generated\single\train\pentagon\pentagon_0056.png,pentagon,train,128,128
data\generated\single\train\pentagon\pentagon_0057.png,pentagon,train,128,128
data\generated\single\train\pentagon\pentagon_0058.png,pentagon,train,128,128
data\generated\single\train\pentagon\pentagon_0059.png,pentagon,train,128,128
data\generated\single\train\pentagon\pentagon_0060.png,pentagon,train,128,128
data\generated\single\train\pentagon\pentagon_0061.png,pentagon,train,128,128
data\generated\single\train\pentagon\pentagon_0062.png,pentagon,train,128,128
data\generated\single\train\pentagon\pentagon_0063.png,pentagon,train,128,128
data\generated\single\train\pentagon\pentagon_0064.png,pentagon,train,128,128
data\generated\single\train\pentagon\pentagon_0065.png,pentagon,train,128,128
data\generated\single\train\pentagon\pentagon_0066.png,pentagon,train,128,128
data\generated\single\train\pentagon\pentagon_0067.png,pentagon,train,128,128
data\generated\single\train\pentagon\pentagon_0068.png,pentagon,train,128,128
data\generated\single\train\pentagon\pentagon_0069.png,pentagon,train,128,128
data\generated\single\train\pentagon\pentagon_0070.png,pentagon,train,128,128
data\generated\single\train\pentagon\pentagon_0071.png,pentagon,train,128,128
data\generated\single\train\pentagon\pentagon_0072.png,pentagon,train,128,128
data\generated\single\train\pentagon\pentagon_0073.png,pentagon,train,128,128
data\generated\single\train\pentagon\pentagon_0074.png,pentagon,train,128,128
data\generated\single\train\pentagon\pentagon_0075.png,pentagon,train,128,128
data\generated\single\train\pentagon\pentagon_0076.png,pentagon,train,128,128
data\generated\single\train\pentagon\pentagon_0077.png,pentagon,train,128,128
data\generated\single\train\pentagon\pentagon_0078.png,pentagon,train,128,128
data\generated\single\train\pentagon\pentagon_0079.png,pentagon,train,128,128
data\generated\single\train\pentagon\pentagon_0080.png,pentagon,train,128,128
data\generated\single\train\pentagon\pentagon_0081.png,pentagon,train,128,128
data\generated\single\train\pentagon\pentagon_0082.png,pentagon,train,128,128
data\generated\single\train\pentagon\pentagon_0083.png,pentagon,train,128,128
data\generated\single\train\pentagon\pentagon_0084.png,pentagon,train,128,128
data\generated\single\train\pentagon\pentagon_0085.png,pentagon,train,128,128
data\generated\single\train\pentagon\pentagon_0086.png,pentagon,train,128,128
data\generated\single\train\pentagon\pentagon_0087.png,pentagon,train,128,128
data\generated\single\train\pentagon\pentagon_0088.png,pentagon,train,128,128
data\generated\single\train\pentagon\pentagon_0089.png,pentagon,train,128,128
data\generated\single\train\pentagon\pentagon_0090.png,pentagon,train,128,128
data\generated\single\train\pentagon\pentagon_0091.png,pentagon,train,128,128
data\generated\single\train\pentagon\pentagon_0092.png,pentagon,train,128,128
data\generated\single\train\pentagon\pentagon_0093.png,pentagon,train,128,128
data\generated\single\train\pentagon\pentagon_0094.png,pentagon,train,128,128
data\generated\single\train\pentagon\pentagon_0095.png,pentagon,train,128,128
data\generated\single\train\pentagon\pentagon_0096.png,pentagon,train,128,128
data\generated\single\train\pentagon\pentagon_0097.png,pentagon,train,128,128
data\generated\single\train\pentagon\pentagon_0098.png,pentagon,train,128,128
data\generated\single\train\pentagon\pentagon_0099.png,pentagon,train,128,128
data\generated\single\train\pentagon\pentagon_0100.png,pentagon,train,128,128
data\generated\single\train\pentagon\pentagon_0101.png,pentagon,train,128,128
data\generated\single\train\pentagon\pentagon_0102.png,pentagon,train,128,128
data\generated\single\train\pentagon\pentagon_0103.png,pentagon,train,128,128
data\generated\single\train\pentagon\pentagon_0104.png,pentagon,train,128,128
data\generated\single\train\pentagon\pentagon_0105.png,pentagon,train,128,128
data\generated\single\train\pentagon\pentagon_0106.png,pentagon,train,128,128
data\generated\single\train\pentagon\pentagon_0107.png,pentagon,train,128,128
data\generated\single\train\pentagon\pentagon_0108.png,pentagon,train,128,128
data\generated\single\train\pentagon\pentagon_0109.png,pentagon,train,128,128
data\generated\single\train\pentagon\pentagon_0110.png,pentagon,train,128,128
data\generated\single\train\pentagon\pentagon_0111.png,pentagon,train,128,128
data\generated\single\train\pentagon\pentagon_0112.png,pentagon,train,128,128
data\generated\single\train\pentagon\pentagon_0113.png,pentagon,train,128,128
data\generated\single\train\pentagon\pentagon_0114.png,pentagon,train,128,128
data\generated\single\train\pentagon\pentagon_0115.png,pentagon,train,128,128
data\generated\single\train\pentagon\pentagon_0116.png,pentagon,train,128,128
data\generated\single\train\pentagon\pentagon_0117.png,pentagon,train,128,128
data\generated\single\train\pentagon\pentagon_0118.png,pentagon,train,128,128
data\generated\single\train\pentagon\pentagon_0119.png,pentagon,train,128,128
data\generated\single\train\pentagon\pentagon_0120.png,pentagon,train,128,128
data\generated\single\train\pentagon\pentagon_0121.png,pentagon,train,128,128
data\generated\single\train\pentagon\pentagon_0122.png,pentagon,train,128,128
data\generated\single\train\pentagon\pentagon_0123.png,pentagon,train,128,128
data\generated\single\train\pentagon\pentagon_0124.png,pentagon,train,128,128
data\generated\single\train\pentagon\pentagon_0125.png,pentagon,train,128,128
data\generated\single\train\pentagon\pentagon_0126.png,pentagon,train,128,128
data\generated\single\train\pentagon\pentagon_0127.png,pentagon,train,128,128
data\generated\single\train\pentagon\pentagon_0128.png,pentagon,train,128,128
data\generated\single\train\pentagon\pentagon_0129.png,pentagon,train,128,128
data\generated\single\train\pentagon\pentagon_0130.png,pentagon,train,128,128
data\generated\single\train\pentagon\pentagon_0131.png,pentagon,train,128,128
data\generated\single\train\pentagon\pentagon_0132.png,pentagon,train,128,128
data\generated\single\train\pentagon\pentagon_0133.png,pentagon,train,128,128
data\generated\single\train\pentagon\pentagon_0134.png,pentagon,train,128,128
data\generated\single\train\pentagon\pentagon_0135.png,pentagon,train,128,128
data\generated\single\train\pentagon\pentagon_0136.png,pentagon,train,128,128
data\generated\single\train\pentagon\pentagon_0137.png,pentagon,train,128,128
data\generated\single\train\pentagon\pentagon_0138.png,pentagon,train,128,128
data\generated\single\train\pentagon\pentagon_0139.png,pentagon,train,128,128
data\generated\single\train\pentagon\pentagon_0140.png,pentagon,train,128,128
data\generated\single\train\pentagon\pentagon_0141.png,pentagon,train,128,128
data\generated\single\train\pentagon\pentagon_0142.png,pentagon,train,128,128
data\generated\single\train\pentagon\pentagon_0143.png,pentagon,train,128,128
data\generated\single\train\pentagon\pentagon_0144.png,pentagon,train,128,128
data\generated\single\train\pentagon\pentagon_0145.png,pentagon,train,128,128
data\generated\single\train\pentagon\pentagon_0146.png,pentagon,train,128,128
data\generated\single\train\pentagon\pentagon_0147.png,pentagon,train,128,128
data\generated\single\train\pentagon\pentagon_0148.png,pentagon,train,128,128
data\generated\single\train\pentagon\pentagon_0149.png,pentagon,train,128,128
data\generated\single\train\pentagon\pentagon_0150.png,pentagon,train,128,128
data\generated\single\train\pentagon\pentagon_0151.png,pentagon,train,128,128
data\generated\single\train\pentagon\pentagon_0152.png,pentagon,train,128,128
data\generated\single\train\pentagon\pentagon_0153.png,pentagon,train,128,128
data\generated\single\train\pentagon\pentagon_0154.png,pentagon,train,128,128
data\generated\single\train\pentagon\pentagon_0155.png,pentagon,train,128,128
data\generated\single\train\pentagon\pentagon_0156.png,pentagon,train,128,128
data\generated\single\train\pentagon\pentagon_0157.png,pentagon,train,128,128
data\generated\single\train\pentagon\pentagon_0158.png,pentagon,train,128,128
data\generated\single\train\pentagon\pentagon_0159.png,pentagon,train,128,128
data\generated\single\train\pentagon\pentagon_0160.png,pentagon,train,128,128
data\generated\single\train\pentagon\pentagon_0161.png,pentagon,train,128,128
data\generated\single\train\pentagon\pentagon_0162.png,pentagon,train,128,128
data\generated\single\train\pentagon\pentagon_0163.png,pentagon,train,128,128
data\generated\single\train\pentagon\pentagon_0164.png,pentagon,train,128,128
data\generated\single\train\pentagon\pentagon_0165.png,pentagon,train,128,128
data\generated\single\train\pentagon\pentagon_0166.png,pentagon,train,128,128
data\generated\single\train\pentagon\pentagon_0167.png,pentagon,train,128,128
data\generated\single\train\pentagon\pentagon_0168.png,pentagon,train,128,128
data\generated\single\train\pentagon\pentagon_0169.png,pentagon,train,128,128
data\generated\single\train\pentagon\pentagon_0170.png,pentagon,train,128,128
data\generated\single\train\pentagon\pentagon_0171.png,pentagon,train,128,128
data\generated\single\train\pentagon\pentagon_0172.png,pentagon,train,128,128
data\generated\single\train\pentagon\pentagon_0173.png,pentagon,train,128,128
data\generated\single\train\pentagon\pentagon_0174.png,pentagon,train,128,128
data\generated\single\train\pentagon\pentagon_0175.png,pentagon,train,128,128
data\generated\single\train\pentagon\pentagon_0176.png,pentagon,train,128,128
data\generated\single\train\pentagon\pentagon_0177.png,pentagon,train,128,128
data\generated\single\train\pentagon\pentagon_0178.png,pentagon,train,128,128
data\generated\single\train\pentagon\pentagon_0179.png,pentagon,train,128,128
data\generated\single\train\pentagon\pentagon_0180.png,pentagon,train,128,128
data\generated\single\train\pentagon\pentagon_0181.png,pentagon,train,128,128
data\generated\single\train\pentagon\pentagon_0182.png,pentagon,train,128,128
data\generated\single\train\pentagon\pentagon_0183.png,pentagon,train,128,128
data\generated\single\train\pentagon\pentagon_0184.png,pentagon,train,128,128
data\generated\single\train\pentagon\pentagon_0185.png,pentagon,train,128,128
data\generated\single\train\pentagon\pentagon_0186.png,pentagon,train,128,128
data\generated\single\train\pentagon\pentagon_0187.png,pentagon,train,128,128
data\generated\single\train\pentagon\pentagon_0188.png,pentagon,train,128,128
data\generated\single\train\pentagon\pentagon_0189.png,pentagon,train,128,128
data\generated\single\train\pentagon\pentagon_0190.png,pentagon,train,128,128
data\generated\single\train\pentagon\pentagon_0191.png,pentagon,train,128,128
data\generated\single\train\pentagon\pentagon_0192.png,pentagon,train,128,128
data\generated\single\train\pentagon\pentagon_0193.png,pentagon,train,128,128
data\generated\single\train\pentagon\pentagon_0194.png,pentagon,train,128,128
data\generated\single\train\pentagon\pentagon_0195.png,pentagon,train,128,128
data\generated\single\train\pentagon\pentagon_0196.png,pentagon,train,128,128
data\generated\single\train\pentagon\pentagon_0197.png,pentagon,train,128,128
data\generated\single\train\pentagon\pentagon_0198.png,pentagon,train,128,128
data\generated\single\train\pentagon\pentagon_0199.png,pentagon,train,128,128
data\generated\single\train\hexagon\hexagon_0000.png,hexagon,train,128,128
data\generated\single\train\hexagon\hexagon_0001.png,hexagon,train,128,128
data\generated\single\train\hexagon\hexagon_0002.png,hexagon,train,128,128
data\generated\single\train\hexagon\hexagon_0003.png,hexagon,train,128,128
data\generated\single\train\hexagon\hexagon_0004.png,hexagon,train,128,128
data\generated\single\train\hexagon\hexagon_0005.png,hexagon,train,128,128
data\generated\single\train\hexagon\hexagon_0006.png,hexagon,train,128,128
data\generated\single\train\hexagon\hexagon_0007.png,hexagon,train,128,128
data\generated\single\train\hexagon\hexagon_0008.png,hexagon,train,128,128
data\generated\single\train\hexagon\hexagon_0009.png,hexagon,train,128,128
data\generated\single\train\hexagon\hexagon_0010.png,hexagon,train,128,128
data\generated\single\train\hexagon\hexagon_0011.png,hexagon,train,128,128
data\generated\single\train\hexagon\hexagon_0012.png,hexagon,train,128,128
data\generated\single\train\hexagon\hexagon_0013.png,hexagon,train,128,128
data\generated\single\train\hexagon\hexagon_0014.png,hexagon,train,128,128
data\generated\single\train\hexagon\hexagon_0015.png,hexagon,train,128,128
data\generated\single\train\hexagon\hexagon_0016.png,hexagon,train,128,128
data\generated\single\train\hexagon\hexagon_0017.png,hexagon,train,128,128
data\generated\single\train\hexagon\hexagon_0018.png,hexagon,train,128,128
data\generated\single\train\hexagon\hexagon_0019.png,hexagon,train,128,128
data\generated\single\train\hexagon\hexagon_0020.png,hexagon,train,128,128
data\generated\single\train\hexagon\hexagon_0021.png,hexagon,train,128,128
data\generated\single\train\hexagon\hexagon_0022.png,hexagon,train,128,128
data\generated\single\train\hexagon\hexagon_0023.png,hexagon,train,128,128
data\generated\single\train\hexagon\hexagon_0024.png,hexagon,train,128,128
data\generated\single\train\hexagon\hexagon_0025.png,hexagon,train,128,128
data\generated\single\train\hexagon\hexagon_0026.png,hexagon,train,128,128
data\generated\single\train\hexagon\hexagon_0027.png,hexagon,train,128,128
data\generated\single\train\hexagon\hexagon_0028.png,hexagon,train,128,128
data\generated\single\train\hexagon\hexagon_0029.png,hexagon,train,128,128
data\generated\single\train\hexagon\hexagon_0030.png,hexagon,train,128,128
data\generated\single\train\hexagon\hexagon_0031.png,hexagon,train,128,128
data\generated\single\train\hexagon\hexagon_0032.png,hexagon,train,128,128
data\generated\single\train\hexagon\hexagon_0033.png,hexagon,train,128,128
data\generated\single\train\hexagon\hexagon_0034.png,hexagon,train,128,128
data\generated\single\train\hexagon\hexagon_0035.png,hexagon,train,128,128
data\generated\single\train\hexagon\hexagon_0036.png,hexagon,train,128,128
data\generated\single\train\hexagon\hexagon_0037.png,hexagon,train,128,128
data\generated\single\train\hexagon\hexagon_0038.png,hexagon,train,128,128
data\generated\single\train\hexagon\hexagon_0039.png,hexagon,train,128,128
data\generated\single\train\hexagon\hexagon_0040.png,hexagon,train,128,128
data\generated\single\train\hexagon\hexagon_0041.png,hexagon,train,128,128
data\generated\single\train\hexagon\hexagon_0042.png,hexagon,train,128,128
data\generated\single\train\hexagon\hexagon_0043.png,hexagon,train,128,128
data\generated\single\train\hexagon\hexagon_0044.png,hexagon,train,128,128
data\generated\single\train\hexagon\hexagon_0045.png,hexagon,train,128,128
data\generated\single\train\hexagon\hexagon_0046.png,hexagon,train,128,128
data\generated\single\train\hexagon\hexagon_0047.png,hexagon,train,128,128
data\generated\single\train\hexagon\hexagon_0048.png,hexagon,train,128,128
data\generated\single\train\hexagon\hexagon_0049.png,hexagon,train,128,128
data\generated\single\train\hexagon\hexagon_0050.png,hexagon,train,128,128
data\generated\single\train\hexagon\hexagon_0051.png,hexagon,train,128,128
data\generated\single\train\hexagon\hexagon_0052.png,hexagon,train,128,128
data\generated\single\train\hexagon\hexagon_0053.png,hexagon,train,128,128
data\generated\single\train\hexagon\hexagon_0054.png,hexagon,train,128,128
data\generated\single\train\hexagon\hexagon_0055.png,hexagon,train,128,128
data\generated\single\train\hexagon\hexagon_0056.png,hexagon,train,128,128
data\generated\single\train\hexagon\hexagon_0057.png,hexagon,train,128,128
data\generated\single\train\hexagon\hexagon_0058.png,hexagon,train,128,128
data\generated\single\train\hexagon\hexagon_0059.png,hexagon,train,128,128
data\generated\single\train\hexagon\hexagon_0060.png,hexagon,train,128,128
data\generated\single\train\hexagon\hexagon_0061.png,hexagon,train,128,128
data\generated\single\train\hexagon\hexagon_0062.png,hexagon,train,128,128
data\generated\single\train\hexagon\hexagon_0063.png,hexagon,train,128,128
data\generated\single\train\hexagon\hexagon_0064.png,hexagon,train,128,128
data\generated\single\train\hexagon\hexagon_0065.png,hexagon,train,128,128
data\generated\single\train\hexagon\hexagon_0066.png,hexagon,train,128,128
data\generated\single\train\hexagon\hexagon_0067.png,hexagon,train,128,128
data\generated\single\train\hexagon\hexagon_0068.png,hexagon,train,128,128
data\generated\single\train\hexagon\hexagon_0069.png,hexagon,train,128,128
data\generated\single\train\hexagon\hexagon_0070.png,hexagon,train,128,128
data\generated\single\train\hexagon\hexagon_0071.png,hexagon,train,128,128
data\generated\single\train\hexagon\hexagon_0072.png,hexagon,train,128,128
data\generated\single\train\hexagon\hexagon_0073.png,hexagon,train,128,128
data\generated\single\train\hexagon\hexagon_0074.png,hexagon,train,128,128
data\generated\single\train\hexagon\hexagon_0075.png,hexagon,train,128,128
data\generated\single\train\hexagon\hexagon_0076.png,hexagon,train,128,128
data\generated\single\train\hexagon\hexagon_0077.png,hexagon,train,128,128
data\generated\single\train\hexagon\hexagon_0078.png,hexagon,train,128,128
data\generated\single\train\hexagon\hexagon_0079.png,hexagon,train,128,128
data\generated\single\train\hexagon\hexagon_0080.png,hexagon,train,128,128
data\generated\single\train\hexagon\hexagon_0081.png,hexagon,train,128,128
data\generated\single\train\hexagon\hexagon_0082.png,hexagon,train,128,128
data\generated\single\train\hexagon\hexagon_0083.png,hexagon,train,128,128
data\generated\single\train\hexagon\hexagon_0084.png,hexagon,train,128,128
data\generated\single\train\hexagon\hexagon_0085.png,hexagon,train,128,128
data\generated\single\train\hexagon\hexagon_0086.png,hexagon,train,128,128
data\generated\single\train\hexagon\hexagon_0087.png,hexagon,train,128,128
data\generated\single\train\hexagon\hexagon_0088.png,hexagon,train,128,128
data\generated\single\train\hexagon\hexagon_0089.png,hexagon,train,128,128
data\generated\single\train\hexagon\hexagon_0090.png,hexagon,train,128,128
data\generated\single\train\hexagon\hexagon_0091.png,hexagon,train,128,128
data\generated\single\train\hexagon\hexagon_0092.png,hexagon,train,128,128
data\generated\single\train\hexagon\hexagon_0093.png,hexagon,train,128,128
data\generated\single\train\hexagon\hexagon_0094.png,hexagon,train,128,128
data\generated\single\train\hexagon\hexagon_0095.png,hexagon,train,128,128
data\generated\single\train\hexagon\hexagon_0096.png,hexagon,train,128,128
data\generated\single\train\hexagon\hexagon_0097.png,hexagon,train,128,128
data\generated\single\train\hexagon\hexagon_0098.png,hexagon,train,128,128
data\generated\single\train\hexagon\hexagon_0099.png,hexagon,train,128,128
data\generated\single\train\hexagon\hexagon_0100.png,hexagon,train,128,128
data\generated\single\train\hexagon\hexagon_0101.png,hexagon,train,128,128
data\generated\single\train\hexagon\hexagon_0102.png,hexagon,train,128,128
data\generated\single\train\hexagon\hexagon_0103.png,hexagon,train,128,128
data\generated\single\train\hexagon\hexagon_0104.png,hexagon,train,128,128
data\generated\single\train\hexagon\hexagon_0105.png,hexagon,train,128,128
data\generated\single\train\hexagon\hexagon_0106.png,hexagon,train,128,128
data\generated\single\train\hexagon\hexagon_0107.png,hexagon,train,128,128
data\generated\single\train\hexagon\hexagon_0108.png,hexagon,train,128,128
data\generated\single\train\hexagon\hexagon_0109.png,hexagon,train,128,128
data\generated\single\train\hexagon\hexagon_0110.png,hexagon,train,128,128
data\generated\single\train\hexagon\hexagon_0111.png,hexagon,train,128,128
data\generated\single\train\hexagon\hexagon_0112.png,hexagon,train,128,128
data\generated\single\train\hexagon\hexagon_0113.png,hexagon,train,128,128
data\generated\single\train\hexagon\hexagon_0114.png,hexagon,train,128,128
data\generated\single\train\hexagon\hexagon_0115.png,hexagon,train,128,128
data\generated\single\train\hexagon\hexagon_0116.png,hexagon,train,128,128
data\generated\single\train\hexagon\hexagon_0117.png,hexagon,train,128,128
data\generated\single\train\hexagon\hexagon_0118.png,hexagon,train,128,128
data\generated\single\train\hexagon\hexagon_0119.png,hexagon,train,128,128
data\generated\single\train\hexagon\hexagon_0120.png,hexagon,train,128,128
data\generated\single\train\hexagon\hexagon_0121.png,hexagon,train,128,128
data\generated\single\train\hexagon\hexagon_0122.png,hexagon,train,128,128
data\generated\single\train\hexagon\hexagon_0123.png,hexagon,train,128,128
data\generated\single\train\hexagon\hexagon_0124.png,hexagon,train,128,128
data\generated\single\train\hexagon\hexagon_0125.png,hexagon,train,128,128
data\generated\single\train\hexagon\hexagon_0126.png,hexagon,train,128,128
data\generated\single\train\hexagon\hexagon_0127.png,hexagon,train,128,128
data\generated\single\train\hexagon\hexagon_0128.png,hexagon,train,128,128
data\generated\single\train\hexagon\hexagon_0129.png,hexagon,train,128,128
data\generated\single\train\hexagon\hexagon_0130.png,hexagon,train,128,128
data\generated\single\train\hexagon\hexagon_0131.png,hexagon,train,128,128
data\generated\single\train\hexagon\hexagon_0132.png,hexagon,train,128,128
data\generated\single\train\hexagon\hexagon_0133.png,hexagon,train,128,128
data\generated\single\train\hexagon\hexagon_0134.png,hexagon,train,128,128
data\generated\single\train\hexagon\hexagon_0135.png,hexagon,train,128,128
data\generated\single\train\hexagon\hexagon_0136.png,hexagon,train,128,128
data\generated\single\train\hexagon\hexagon_0137.png,hexagon,train,128,128
data\generated\single\train\hexagon\hexagon_0138.png,hexagon,train,128,128
data\generated\single\train\hexagon\hexagon_0139.png,hexagon,train,128,128
data\generated\single\train\hexagon\hexagon_0140.png,hexagon,train,128,128
data\generated\single\train\hexagon\hexagon_0141.png,hexagon,train,128,128
data\generated\single\train\hexagon\hexagon_0142.png,hexagon,train,128,128
data\generated\single\train\hexagon\hexagon_0143.png,hexagon,train,128,128
data\generated\single\train\hexagon\hexagon_0144.png,hexagon,train,128,128
data\generated\single\train\hexagon\hexagon_0145.png,hexagon,train,128,128
data\generated\single\train\hexagon\hexagon_0146.png,hexagon,train,128,128
data\generated\single\train\hexagon\hexagon_0147.png,hexagon,train,128,128
data\generated\single\train\hexagon\hexagon_0148.png,hexagon,train,128,128
data\generated\single\train\hexagon\hexagon_0149.png,hexagon,train,128,128
data\generated\single\train\hexagon\hexagon_0150.png,hexagon,train,128,128
data\generated\single\train\hexagon\hexagon_0151.png,hexagon,train,128,128
data\generated\single\train\hexagon\hexagon_0152.png,hexagon,train,128,128
data\generated\single\train\hexagon\hexagon_0153.png,hexagon,train,128,128
data\generated\single\train\hexagon\hexagon_0154.png,hexagon,train,128,128
data\generated\single\train\hexagon\hexagon_0155.png,hexagon,train,128,128
data\generated\single\train\hexagon\hexagon_0156.png,hexagon,train,128,128
data\generated\single\train\hexagon\hexagon_0157.png,hexagon,train,128,128
data\generated\single\train\hexagon\hexagon_0158.png,hexagon,train,128,128
data\generated\single\train\hexagon\hexagon_0159.png,hexagon,train,128,128
data\generated\single\train\hexagon\hexagon_0160.png,hexagon,train,128,128
data\generated\single\train\hexagon\hexagon_0161.png,hexagon,train,128,128
data\generated\single\train\hexagon\hexagon_0162.png,hexagon,train,128,128
data\generated\single\train\hexagon\hexagon_0163.png,hexagon,train,128,128
data\generated\single\train\hexagon\hexagon_0164.png,hexagon,train,128,128
data\generated\single\train\hexagon\hexagon_0165.png,hexagon,train,128,128
data\generated\single\train\hexagon\hexagon_0166.png,hexagon,train,128,128
data\generated\single\train\hexagon\hexagon_0167.png,hexagon,train,128,128
data\generated\single\train\hexagon\hexagon_0168.png,hexagon,train,128,128
data\generated\single\train\hexagon\hexagon_0169.png,hexagon,train,128,128
data\generated\single\train\hexagon\hexagon_0170.png,hexagon,train,128,128
data\generated\single\train\hexagon\hexagon_0171.png,hexagon,train,128,128
data\generated\single\train\hexagon\hexagon_0172.png,hexagon,train,128,128
data\generated\single\train\hexagon\hexagon_0173.png,hexagon,train,128,128
data\generated\single\train\hexagon\hexagon_0174.png,hexagon,train,128,128
data\generated\single\train\hexagon\hexagon_0175.png,hexagon,train,128,128
data\generated\single\train\hexagon\hexagon_0176.png,hexagon,train,128,128
data\generated\single\train\hexagon\hexagon_0177.png,hexagon,train,128,128
data\generated\single\train\hexagon\hexagon_0178.png,hexagon,train,128,128
data\generated\single\train\hexagon\hexagon_0179.png,hexagon,train,128,128
data\generated\single\train\hexagon\hexagon_0180.png,hexagon,train,128,128
data\generated\single\train\hexagon\hexagon_0181.png,hexagon,train,128,128
data\generated\single\train\hexagon\hexagon_0182.png,hexagon,train,128,128
data\generated\single\train\hexagon\hexagon_0183.png,hexagon,train,128,128
data\generated\single\train\hexagon\hexagon_0184.png,hexagon,train,128,128
data\generated\single\train\hexagon\hexagon_0185.png,hexagon,train,128,128
data\generated\single\train\hexagon\hexagon_0186.png,hexagon,train,128,128
data\generated\single\train\hexagon\hexagon_0187.png,hexagon,train,128,128
data\generated\single\train\hexagon\hexagon_0188.png,hexagon,train,128,128
data\generated\single\train\hexagon\hexagon_0189.png,hexagon,train,128,128
data\generated\single\train\hexagon\hexagon_0190.png,hexagon,train,128,128
data\generated\single\train\hexagon\hexagon_0191.png,hexagon,train,128,128
data\generated\single\train\hexagon\hexagon_0192.png,hexagon,train,128,128
data\generated\single\train\hexagon\hexagon_0193.png,hexagon,train,128,128
data\generated\single\train\hexagon\hexagon_0194.png,hexagon,train,128,128
data\generated\single\train\hexagon\hexagon_0195.png,hexagon,train,128,128
data\generated\single\train\hexagon\hexagon_0196.png,hexagon,train,128,128
data\generated\single\train\hexagon\hexagon_0197.png,hexagon,train,128,128
data\generated\single\train\hexagon\hexagon_0198.png,hexagon,train,128,128
data\generated\single\train\hexagon\hexagon_0199.png,hexagon,train,128,128
data\generated\single\train\circle\circle_0000.png,circle,train,128,128
data\generated\single\train\circle\circle_0001.png,circle,train,128,128
data\generated\single\train\circle\circle_0002.png,circle,train,128,128
data\generated\single\train\circle\circle_0003.png,circle,train,128,128
data\generated\single\train\circle\circle_0004.png,circle,train,128,128
data\generated\single\train\circle\circle_0005.png,circle,train,128,128
data\generated\single\train\circle\circle_0006.png,circle,train,128,128
data\generated\single\train\circle\circle_0007.png,circle,train,128,128
data\generated\single\train\circle\circle_0008.png,circle,train,128,128
data\generated\single\train\circle\circle_0009.png,circle,train,128,128
data\generated\single\train\circle\circle_0010.png,circle,train,128,128
data\generated\single\train\circle\circle_0011.png,circle,train,128,128
data\generated\single\train\circle\circle_0012.png,circle,train,128,128
data\generated\single\train\circle\circle_0013.png,circle,train,128,128
data\generated\single\train\circle\circle_0014.png,circle,train,128,128
data\generated\single\train\circle\circle_0015.png,circle,train,128,128
data\generated\single\train\circle\circle_0016.png,circle,train,128,128
data\generated\single\train\circle\circle_0017.png,circle,train,128,128
data\generated\single\train\circle\circle_0018.png,circle,train,128,128
data\generated\single\train\circle\circle_0019.png,circle,train,128,128
data\generated\single\train\circle\circle_0020.png,circle,train,128,128
data\generated\single\train\circle\circle_0021.png,circle,train,128,128
data\generated\single\train\circle\circle_0022.png,circle,train,128,128
data\generated\single\train\circle\circle_0023.png,circle,train,128,128
data\generated\single\train\circle\circle_0024.png,circle,train,128,128
data\generated\single\train\circle\circle_0025.png,circle,train,128,128
data\generated\single\train\circle\circle_0026.png,circle,train,128,128
data\generated\single\train\circle\circle_0027.png,circle,train,128,128
data\generated\single\train\circle\circle_0028.png,circle,train,128,128
data\generated\single\train\circle\circle_0029.png,circle,train,128,128
data\generated\single\train\circle\circle_0030.png,circle,train,128,128
data\generated\single\train\circle\circle_0031.png,circle,train,128,128
data\generated\single\train\circle\circle_0032.png,circle,train,128,128
data\generated\single\train\circle\circle_0033.png,circle,train,128,128
data\generated\single\train\circle\circle_0034.png,circle,train,128,128
data\generated\single\train\circle\circle_0035.png,circle,train,128,128
data\generated\single\train\circle\circle_0036.png,circle,train,128,128
data\generated\single\train\circle\circle_0037.png,circle,train,128,128
data\generated\single\train\circle\circle_0038.png,circle,train,128,128
data\generated\single\train\circle\circle_0039.png,circle,train,128,128
data\generated\single\train\circle\circle_0040.png,circle,train,128,128
data\generated\single\train\circle\circle_0041.png,circle,train,128,128
data\generated\single\train\circle\circle_0042.png,circle,train,128,128
data\generated\single\train\circle\circle_0043.png,circle,train,128,128
data\generated\single\train\circle\circle_0044.png,circle,train,128,128
data\generated\single\train\circle\circle_0045.png,circle,train,128,128
data\generated\single\train\circle\circle_0046.png,circle,train,128,128
data\generated\single\train\circle\circle_0047.png,circle,train,128,128
data\generated\single\train\circle\circle_0048.png,circle,train,128,128
data\generated\single\train\circle\circle_0049.png,circle,train,128,128
data\generated\single\train\circle\circle_0050.png,circle,train,128,128
data\generated\single\train\circle\circle_0051.png,circle,train,128,128
data\generated\single\train\circle\circle_0052.png,circle,train,128,128
data\generated\single\train\circle\circle_0053.png,circle,train,128,128
data\generated\single\train\circle\circle_0054.png,circle,train,128,128
data\generated\single\train\circle\circle_0055.png,circle,train,128,128
data\generated\single\train\circle\circle_0056.png,circle,train,128,128
data\generated\single\train\circle\circle_0057.png,circle,train,128,128
data\generated\single\train\circle\circle_0058.png,circle,train,128,128
data\generated\single\train\circle\circle_0059.png,circle,train,128,128
data\generated\single\train\circle\circle_0060.png,circle,train,128,128
data\generated\single\train\circle\circle_0061.png,circle,train,128,128
data\generated\single\train\circle\circle_0062.png,circle,train,128,128
data\generated\single\train\circle\circle_0063.png,circle,train,128,128
data\generated\single\train\circle\circle_0064.png,circle,train,128,128
data\generated\single\train\circle\circle_0065.png,circle,train,128,128
data\generated\single\train\circle\circle_0066.png,circle,train,128,128
data\generated\single\train\circle\circle_0067.png,circle,train,128,128
data\generated\single\train\circle\circle_0068.png,circle,train,128,128
data\generated\single\train\circle\circle_0069.png,circle,train,128,128
data\generated\single\train\circle\circle_0070.png,circle,train,128,128
data\generated\single\train\circle\circle_0071.png,circle,train,128,128
data\generated\single\train\circle\circle_0072.png,circle,train,128,128
data\generated\single\train\circle\circle_0073.png,circle,train,128,128
data\generated\single\train\circle\circle_0074.png,circle,train,128,128
data\generated\single\train\circle\circle_0075.png,circle,train,128,128
data\generated\single\train\circle\circle_0076.png,circle,train,128,128
data\generated\single\train\circle\circle_0077.png,circle,train,128,128
data\generated\single\train\circle\circle_0078.png,circle,train,128,128
data\generated\single\train\circle\circle_0079.png,circle,train,128,128
data\generated\single\train\circle\circle_0080.png,circle,train,128,128
data\generated\single\train\circle\circle_0081.png,circle,train,128,128
data\generated\single\train\circle\circle_0082.png,circle,train,128,128
data\generated\single\train\circle\circle_0083.png,circle,train,128,128
data\generated\single\train\circle\circle_0084.png,circle,train,128,128
data\generated\single\train\circle\circle_0085.png,circle,train,128,128
data\generated\single\train\circle\circle_0086.png,circle,train,128,128
data\generated\single\train\circle\circle_0087.png,circle,train,128,128
data\generated\single\train\circle\circle_0088.png,circle,train,128,128
data\generated\single\train\circle\circle_0089.png,circle,train,128,128
data\generated\single\train\circle\circle_0090.png,circle,train,128,128
data\generated\single\train\circle\circle_0091.png,circle,train,128,128
data\generated\single\train\circle\circle_0092.png,circle,train,128,128
data\generated\single\train\circle\circle_0093.png,circle,train,128,128
data\generated\single\train\circle\circle_0094.png,circle,train,128,128
data\generated\single\train\circle\circle_0095.png,circle,train,128,128
data\generated\single\train\circle\circle_0096.png,circle,train,128,128
data\generated\single\train\circle\circle_0097.png,circle,train,128,128
data\generated\single\train\circle\circle_0098.png,circle,train,128,128
data\generated\single\train\circle\circle_0099.png,circle,train,128,128
data\generated\single\train\circle\circle_0100.png,circle,train,128,128
data\generated\single\train\circle\circle_0101.png,circle,train,128,128
data\generated\single\train\circle\circle_0102.png,circle,train,128,128
data\generated\single\train\circle\circle_0103.png,circle,train,128,128
data\generated\single\train\circle\circle_0104.png,circle,train,128,128
data\generated\single\train\circle\circle_0105.png,circle,train,128,128
data\generated\single\train\circle\circle_0106.png,circle,train,128,128
data\generated\single\train\circle\circle_0107.png,circle,train,128,128
data\generated\single\train\circle\circle_0108.png,circle,train,128,128
data\generated\single\train\circle\circle_0109.png,circle,train,128,128
data\generated\single\train\circle\circle_0110.png,circle,train,128,128
data\generated\single\train\circle\circle_0111.png,circle,train,128,128
data\generated\single\train\circle\circle_0112.png,circle,train,128,128
data\generated\single\train\circle\circle_0113.png,circle,train,128,128
data\generated\single\train\circle\circle_0114.png,circle,train,128,128
data\generated\single\train\circle\circle_0115.png,circle,train,128,128
data\generated\single\train\circle\circle_0116.png,circle,train,128,128
data\generated\single\train\circle\circle_0117.png,circle,train,128,128
data\generated\single\train\circle\circle_0118.png,circle,train,128,128
data\generated\single\train\circle\circle_0119.png,circle,train,128,128
data\generated\single\train\circle\circle_0120.png,circle,train,128,128
data\generated\single\train\circle\circle_0121.png,circle,train,128,128
data\generated\single\train\circle\circle_0122.png,circle,train,128,128
data\generated\single\train\circle\circle_0123.png,circle,train,128,128
data\generated\single\train\circle\circle_0124.png,circle,train,128,128
data\generated\single\train\circle\circle_0125.png,circle,train,128,128
data\generated\single\train\circle\circle_0126.png,circle,train,128,128
data\generated\single\train\circle\circle_0127.png,circle,train,128,128
data\generated\single\train\circle\circle_0128.png,circle,train,128,128
data\generated\single\train\circle\circle_0129.png,circle,train,128,128
data\generated\single\train\circle\circle_0130.png,circle,train,128,128
data\generated\single\train\circle\circle_0131.png,circle,train,128,128
data\generated\single\train\circle\circle_0132.png,circle,train,128,128
data\generated\single\train\circle\circle_0133.png,circle,train,128,128
data\generated\single\train\circle\circle_0134.png,circle,train,128,128
data\generated\single\train\circle\circle_0135.png,circle,train,128,128
data\generated\single\train\circle\circle_0136.png,circle,train,128,128
data\generated\single\train\circle\circle_0137.png,circle,train,128,128
data\generated\single\train\circle\circle_0138.png,circle,train,128,128
data\generated\single\train\circle\circle_0139.png,circle,train,128,128
data\generated\single\train\circle\circle_0140.png,circle,train,128,128
data\generated\single\train\circle\circle_0141.png,circle,train,128,128
data\generated\single\train\circle\circle_0142.png,circle,train,128,128
data\generated\single\train\circle\circle_0143.png,circle,train,128,128
data\generated\single\train\circle\circle_0144.png,circle,train,128,128
data\generated\single\train\circle\circle_0145.png,circle,train,128,128
data\generated\single\train\circle\circle_0146.png,circle,train,128,128
data\generated\single\train\circle\circle_0147.png,circle,train,128,128
data\generated\single\train\circle\circle_0148.png,circle,train,128,128
data\generated\single\train\circle\circle_0149.png,circle,train,128,128
data\generated\single\train\circle\circle_0150.png,circle,train,128,128
data\generated\single\train\circle\circle_0151.png,circle,train,128,128
data\generated\single\train\circle\circle_0152.png,circle,train,128,128
data\generated\single\train\circle\circle_0153.png,circle,train,128,128
data\generated\single\train\circle\circle_0154.png,circle,train,128,128
data\generated\single\train\circle\circle_0155.png,circle,train,128,128
data\generated\single\train\circle\circle_0156.png,circle,train,128,128
data\generated\single\train\circle\circle_0157.png,circle,train,128,128
data\generated\single\train\circle\circle_0158.png,circle,train,128,128
data\generated\single\train\circle\circle_0159.png,circle,train,128,128
data\generated\single\train\circle\circle_0160.png,circle,train,128,128
data\generated\single\train\circle\circle_0161.png,circle,train,128,128
data\generated\single\train\circle\circle_0162.png,circle,train,128,128
data\generated\single\train\circle\circle_0163.png,circle,train,128,128
data\generated\single\train\circle\circle_0164.png,circle,train,128,128
data\generated\single\train\circle\circle_0165.png,circle,train,128,128
data\generated\single\train\circle\circle_0166.png,circle,train,128,128
data\generated\single\train\circle\circle_0167.png,circle,train,128,128
data\generated\single\train\circle\circle_0168.png,circle,train,128,128
data\generated\single\train\circle\circle_0169.png,circle,train,128,128
data\generated\single\train\circle\circle_0170.png,circle,train,128,128
data\generated\single\train\circle\circle_0171.png,circle,train,128,128
data\generated\single\train\circle\circle_0172.png,circle,train,128,128
data\generated\single\train\circle\circle_0173.png,circle,train,128,128
data\generated\single\train\circle\circle_0174.png,circle,train,128,128
data\generated\single\train\circle\circle_0175.png,circle,train,128,128
data\generated\single\train\circle\circle_0176.png,circle,train,128,128
data\generated\single\train\circle\circle_0177.png,circle,train,128,128
data\generated\single\train\circle\circle_0178.png,circle,train,128,128
data\generated\single\train\circle\circle_0179.png,circle,train,128,128
data\generated\single\train\circle\circle_0180.png,circle,train,128,128
data\generated\single\train\circle\circle_0181.png,circle,train,128,128
data\generated\single\train\circle\circle_0182.png,circle,train,128,128
data\generated\single\train\circle\circle_0183.png,circle,train,128,128
data\generated\single\train\circle\circle_0184.png,circle,train,128,128
data\generated\single\train\circle\circle_0185.png,circle,train,128,128
data\generated\single\train\circle\circle_0186.png,circle,train,128,128
data\generated\single\train\circle\circle_0187.png,circle,train,128,128
data\generated\single\train\circle\circle_0188.png,circle,train,128,128
data\generated\single\train\circle\circle_0189.png,circle,train,128,128
data\generated\single\train\circle\circle_0190.png,circle,train,128,128
data\generated\single\train\circle\circle_0191.png,circle,train,128,128
data\generated\single\train\circle\circle_0192.png,circle,train,128,128
data\generated\single\train\circle\circle_0193.png,circle,train,128,128
data\generated\single\train\circle\circle_0194.png,circle,train,128,128
data\generated\single\train\circle\circle_0195.png,circle,train,128,128
data\generated\single\train\circle\circle_0196.png,circle,train,128,128
data\generated\single\train\circle\circle_0197.png,circle,train,128,128
data\generated\single\train\circle\circle_0198.png,circle,train,128,128
data\generated\single\train\circle\circle_0199.png,circle,train,128,128
data\generated\single\test\triangle\triangle_0000.png,triangle,test,128,128
data\generated\single\test\triangle\triangle_0001.png,triangle,test,128,128
data\generated\single\test\triangle\triangle_0002.png,triangle,test,128,128
data\generated\single\test\triangle\triangle_0003.png,triangle,test,128,128
data\generated\single\test\triangle\triangle_0004.png,triangle,test,128,128
data\generated\single\test\triangle\triangle_0005.png,triangle,test,128,128
data\generated\single\test\triangle\triangle_0006.png,triangle,test,128,128
data\generated\single\test\triangle\triangle_0007.png,triangle,test,128,128
data\generated\single\test\triangle\triangle_0008.png,triangle,test,128,128
data\generated\single\test\triangle\triangle_0009.png,triangle,test,128,128
data\generated\single\test\triangle\triangle_0010.png,triangle,test,128,128
data\generated\single\test\triangle\triangle_0011.png,triangle,test,128,128
data\generated\single\test\triangle\triangle_0012.png,triangle,test,128,128
data\generated\single\test\triangle\triangle_0013.png,triangle,test,128,128
data\generated\single\test\triangle\triangle_0014.png,triangle,test,128,128
data\generated\single\test\triangle\triangle_0015.png,triangle,test,128,128
data\generated\single\test\triangle\triangle_0016.png,triangle,test,128,128
data\generated\single\test\triangle\triangle_0017.png,triangle,test,128,128
data\generated\single\test\triangle\triangle_0018.png,triangle,test,128,128
data\generated\single\test\triangle\triangle_0019.png,triangle,test,128,128
data\generated\single\test\triangle\triangle_0020.png,triangle,test,128,128
data\generated\single\test\triangle\triangle_0021.png,triangle,test,128,128
data\generated\single\test\triangle\triangle_0022.png,triangle,test,128,128
data\generated\single\test\triangle\triangle_0023.png,triangle,test,128,128
data\generated\single\test\triangle\triangle_0024.png,triangle,test,128,128
data\generated\single\test\triangle\triangle_0025.png,triangle,test,128,128
data\generated\single\test\triangle\triangle_0026.png,triangle,test,128,128
data\generated\single\test\triangle\triangle_0027.png,triangle,test,128,128
data\generated\single\test\triangle\triangle_0028.png,triangle,test,128,128
data\generated\single\test\triangle\triangle_0029.png,triangle,test,128,128
data\generated\single\test\triangle\triangle_0030.png,triangle,test,128,128
data\generated\single\test\triangle\triangle_0031.png,triangle,test,128,128
data\generated\single\test\triangle\triangle_0032.png,triangle,test,128,128
data\generated\single\test\triangle\triangle_0033.png,triangle,test,128,128
data\generated\single\test\triangle\triangle_0034.png,triangle,test,128,128
data\generated\single\test\triangle\triangle_0035.png,triangle,test,128,128
data\generated\single\test\triangle\triangle_0036.png,triangle,test,128,128
data\generated\single\test\triangle\triangle_0037.png,triangle,test,128,128
data\generated\single\test\triangle\triangle_0038.png,triangle,test,128,128
data\generated\single\test\triangle\triangle_0039.png,triangle,test,128,128
data\generated\single\test\triangle\triangle_0040.png,triangle,test,128,128
data\generated\single\test\triangle\triangle_0041.png,triangle,test,128,128
data\generated\single\test\triangle\triangle_0042.png,triangle,test,128,128
data\generated\single\test\triangle\triangle_0043.png,triangle,test,128,128
data\generated\single\test\triangle\triangle_0044.png,triangle,test,128,128
data\generated\single\test\triangle\triangle_0045.png,triangle,test,128,128
data\generated\single\test\triangle\triangle_0046.png,triangle,test,128,128
data\generated\single\test\triangle\triangle_0047.png,triangle,test,128,128
data\generated\single\test\triangle\triangle_0048.png,triangle,test,128,128
data\generated\single\test\triangle\triangle_0049.png,triangle,test,128,128
data\generated\single\test\square\square_0000.png,square,test,128,128
data\generated\single\test\square\square_0001.png,square,test,128,128
data\generated\single\test\square\square_0002.png,square,test,128,128
data\generated\single\test\square\square_0003.png,square,test,128,128
data\generated\single\test\square\square_0004.png,square,test,128,128
data\generated\single\test\square\square_0005.png,square,test,128,128
data\generated\single\test\square\square_0006.png,square,test,128,128
data\generated\single\test\square\square_0007.png,square,test,128,128
data\generated\single\test\square\square_0008.png,square,test,128,128
data\generated\single\test\square\square_0009.png,square,test,128,128
data\generated\single\test\square\square_0010.png,square,test,128,128
data\generated\single\test\square\square_0011.png,square,test,128,128
data\generated\single\test\square\square_0012.png,square,test,128,128
data\generated\single\test\square\square_0013.png,square,test,128,128
data\generated\single\test\square\square_0014.png,square,test,128,128
data\generated\single\test\square\square_0015.png,square,test,128,128
data\generated\single\test\square\square_0016.png,square,test,128,128
data\generated\single\test\square\square_0017.png,square,test,128,128
data\generated\single\test\square\square_0018.png,square,test,128,128
data\generated\single\test\square\square_0019.png,square,test,128,128
data\generated\single\test\square\square_0020.png,square,test,128,128
data\generated\single\test\square\square_0021.png,square,test,128,128
data\generated\single\test\square\square_0022.png,square,test,128,128
data\generated\single\test\square\square_0023.png,square,test,128,128
data\generated\single\test\square\square_0024.png,square,test,128,128
data\generated\single\test\square\square_0025.png,square,test,128,128
data\generated\single\test\square\square_0026.png,square,test,128,128
data\generated\single\test\square\square_0027.png,square,test,128,128
data\generated\single\test\square\square_0028.png,square,test,128,128
data\generated\single\test\square\square_0029.png,square,test,128,128
data\generated\single\test\square\square_0030.png,square,test,128,128
data\generated\single\test\square\square_0031.png,square,test,128,128
data\generated\single\test\square\square_0032.png,square,test,128,128
data\generated\single\test\square\square_0033.png,square,test,128,128
data\generated\single\test\square\square_0034.png,square,test,128,128
data\generated\single\test\square\square_0035.png,square,test,128,128
data\generated\single\test\square\square_0036.png,square,test,128,128
data\generated\single\test\square\square_0037.png,square,test,128,128
data\generated\single\test\square\square_0038.png,square,test,128,128
data\generated\single\test\square\square_0039.png,square,test,128,128
data\generated\single\test\square\square_0040.png,square,test,128,128
data\generated\single\test\square\square_0041.png,square,test,128,128
data\generated\single\test\square\square_0042.png,square,test,128,128
data\generated\single\test\square\square_0043.png,square,test,128,128
data\generated\single\test\square\square_0044.png,square,test,128,128
data\generated\single\test\square\square_0045.png,square,test,128,128
data\generated\single\test\square\square_0046.png,square,test,128,128
data\generated\single\test\square\square_0047.png,square,test,128,128
data\generated\single\test\square\square_0048.png,square,test,128,128
data\generated\single\test\square\square_0049.png,square,test,128,128
data\generated\single\test\pentagon\pentagon_0000.png,pentagon,test,128,128
data\generated\single\test\pentagon\pentagon_0001.png,pentagon,test,128,128
data\generated\single\test\pentagon\pentagon_0002.png,pentagon,test,128,128
data\generated\single\test\pentagon\pentagon_0003.png,pentagon,test,128,128
data\generated\single\test\pentagon\pentagon_0004.png,pentagon,test,128,128
data\generated\single\test\pentagon\pentagon_0005.png,pentagon,test,128,128
data\generated\single\test\pentagon\pentagon_0006.png,pentagon,test,128,128
data\generated\single\test\pentagon\pentagon_0007.png,pentagon,test,128,128
data\generated\single\test\pentagon\pentagon_0008.png,pentagon,test,128,128
data\generated\single\test\pentagon\pentagon_0009.png,pentagon,test,128,128
data\generated\single\test\pentagon\pentagon_0010.png,pentagon,test,128,128
data\generated\single\test\pentagon\pentagon_0011.png,pentagon,test,128,128
data\generated\single\test\pentagon\pentagon_0012.png,pentagon,test,128,128
data\generated\single\test\pentagon\pentagon_0013.png,pentagon,test,128,128
data\generated\single\test\pentagon\pentagon_0014.png,pentagon,test,128,128
data\generated\single\test\pentagon\pentagon_0015.png,pentagon,test,128,128
data\generated\single\test\pentagon\pentagon_0016.png,pentagon,test,128,128
data\generated\single\test\pentagon\pentagon_0017.png,pentagon,test,128,128
data\generated\single\test\pentagon\pentagon_0018.png,pentagon,test,128,128
data\generated\single\test\pentagon\pentagon_0019.png,pentagon,test,128,128
data\generated\single\test\pentagon\pentagon_0020.png,pentagon,test,128,128
data\generated\single\test\pentagon\pentagon_0021.png,pentagon,test,128,128
data\generated\single\test\pentagon\pentagon_0022.png,pentagon,test,128,128
data\generated\single\test\pentagon\pentagon_0023.png,pentagon,test,128,128
data\generated\single\test\pentagon\pentagon_0024.png,pentagon,test,128,128
data\generated\single\test\pentagon\pentagon_0025.png,pentagon,test,128,128
data\generated\single\test\pentagon\pentagon_0026.png,pentagon,test,128,128
data\generated\single\test\pentagon\pentagon_0027.png,pentagon,test,128,128
data\generated\single\test\pentagon\pentagon_0028.png,pentagon,test,128,128
data\generated\single\test\pentagon\pentagon_0029.png,pentagon,test,128,128
data\generated\single\test\pentagon\pentagon_0030.png,pentagon,test,128,128
data\generated\single\test\pentagon\pentagon_0031.png,pentagon,test,128,128
data\generated\single\test\pentagon\pentagon_0032.png,pentagon,test,128,128
data\generated\single\test\pentagon\pentagon_0033.png,pentagon,test,128,128
data\generated\single\test\pentagon\pentagon_0034.png,pentagon,test,128,128
data\generated\single\test\pentagon\pentagon_0035.png,pentagon,test,128,128
data\generated\single\test\pentagon\pentagon_0036.png,pentagon,test,128,128
data\generated\single\test\pentagon\pentagon_0037.png,pentagon,test,128,128
data\generated\single\test\pentagon\pentagon_0038.png,pentagon,test,128,128
data\generated\single\test\pentagon\pentagon_0039.png,pentagon,test,128,128
data\generated\single\test\pentagon\pentagon_0040.png,pentagon,test,128,128
data\generated\single\test\pentagon\pentagon_0041.png,pentagon,test,128,128
data\generated\single\test\pentagon\pentagon_0042.png,pentagon,test,128,128
data\generated\single\test\pentagon\pentagon_0043.png,pentagon,test,128,128
data\generated\single\test\pentagon\pentagon_0044.png,pentagon,test,128,128
data\generated\single\test\pentagon\pentagon_0045.png,pentagon,test,128,128
data\generated\single\test\pentagon\pentagon_0046.png,pentagon,test,128,128
data\generated\single\test\pentagon\pentagon_0047.png,pentagon,test,128,128
data\generated\single\test\pentagon\pentagon_0048.png,pentagon,test,128,128
data\generated\single\test\pentagon\pentagon_0049.png,pentagon,test,128,128
data\generated\single\test\hexagon\hexagon_0000.png,hexagon,test,128,128
data\generated\single\test\hexagon\hexagon_0001.png,hexagon,test,128,128
data\generated\single\test\hexagon\hexagon_0002.png,hexagon,test,128,128
data\generated\single\test\hexagon\hexagon_0003.png,hexagon,test,128,128
data\generated\single\test\hexagon\hexagon_0004.png,hexagon,test,128,128
data\generated\single\test\hexagon\hexagon_0005.png,hexagon,test,128,128
data\generated\single\test\hexagon\hexagon_0006.png,hexagon,test,128,128
data\generated\single\test\hexagon\hexagon_0007.png,hexagon,test,128,128
data\generated\single\test\hexagon\hexagon_0008.png,hexagon,test,128,128
data\generated\single\test\hexagon\hexagon_0009.png,hexagon,test,128,128
data\generated\single\test\hexagon\hexagon_0010.png,hexagon,test,128,128
data\generated\single\test\hexagon\hexagon_0011.png,hexagon,test,128,128
data\generated\single\test\hexagon\hexagon_0012.png,hexagon,test,128,128
data\generated\single\test\hexagon\hexagon_0013.png,hexagon,test,128,128
data\generated\single\test\hexagon\hexagon_0014.png,hexagon,test,128,128
data\generated\single\test\hexagon\hexagon_0015.png,hexagon,test,128,128
data\generated\single\test\hexagon\hexagon_0016.png,hexagon,test,128,128
data\generated\single\test\hexagon\hexagon_0017.png,hexagon,test,128,128
data\generated\single\test\hexagon\hexagon_0018.png,hexagon,test,128,128
data\generated\single\test\hexagon\hexagon_0019.png,hexagon,test,128,128
data\generated\single\test\hexagon\hexagon_0020.png,hexagon,test,128,128
data\generated\single\test\hexagon\hexagon_0021.png,hexagon,test,128,128
data\generated\single\test\hexagon\hexagon_0022.png,hexagon,test,128,128
data\generated\single\test\hexagon\hexagon_0023.png,hexagon,test,128,128
data\generated\single\test\hexagon\hexagon_0024.png,hexagon,test,128,128
data\generated\single\test\hexagon\hexagon_0025.png,hexagon,test,128,128
data\generated\single\test\hexagon\hexagon_0026.png,hexagon,test,128,128
data\generated\single\test\hexagon\hexagon_0027.png,hexagon,test,128,128
data\generated\single\test\hexagon\hexagon_0028.png,hexagon,test,128,128
data\generated\single\test\hexagon\hexagon_0029.png,hexagon,test,128,128
data\generated\single\test\hexagon\hexagon_0030.png,hexagon,test,128,128
data\generated\single\test\hexagon\hexagon_0031.png,hexagon,test,128,128
data\generated\single\test\hexagon\hexagon_0032.png,hexagon,test,128,128
data\generated\single\test\hexagon\hexagon_0033.png,hexagon,test,128,128
data\generated\single\test\hexagon\hexagon_0034.png,hexagon,test,128,128
data\generated\single\test\hexagon\hexagon_0035.png,hexagon,test,128,128
data\generated\single\test\hexagon\hexagon_0036.png,hexagon,test,128,128
data\generated\single\test\hexagon\hexagon_0037.png,hexagon,test,128,128
data\generated\single\test\hexagon\hexagon_0038.png,hexagon,test,128,128
data\generated\single\test\hexagon\hexagon_0039.png,hexagon,test,128,128
data\generated\single\test\hexagon\hexagon_0040.png,hexagon,test,128,128
data\generated\single\test\hexagon\hexagon_0041.png,hexagon,test,128,128
data\generated\single\test\hexagon\hexagon_0042.png,hexagon,test,128,128
data\generated\single\test\hexagon\hexagon_0043.png,hexagon,test,128,128
data\generated\single\test\hexagon\hexagon_0044.png,hexagon,test,128,128
data\generated\single\test\hexagon\hexagon_0045.png,hexagon,test,128,128
data\generated\single\test\hexagon\hexagon_0046.png,hexagon,test,128,128
data\generated\single\test\hexagon\hexagon_0047.png,hexagon,test,128,128
data\generated\single\test\hexagon\hexagon_0048.png,hexagon,test,128,128
data\generated\single\test\hexagon\hexagon_0049.png,hexagon,test,128,128
data\generated\single\test\circle\circle_0000.png,circle,test,128,128
data\generated\single\test\circle\circle_0001.png,circle,test,128,128
data\generated\single\test\circle\circle_0002.png,circle,test,128,128
data\generated\single\test\circle\circle_0003.png,circle,test,128,128
data\generated\single\test\circle\circle_0004.png,circle,test,128,128
data\generated\single\test\circle\circle_0005.png,circle,test,128,128
data\generated\single\test\circle\circle_0006.png,circle,test,128,128
data\generated\single\test\circle\circle_0007.png,circle,test,128,128
data\generated\single\test\circle\circle_0008.png,circle,test,128,128
data\generated\single\test\circle\circle_0009.png,circle,test,128,128
data\generated\single\test\circle\circle_0010.png,circle,test,128,128
data\generated\single\test\circle\circle_0011.png,circle,test,128,128
data\generated\single\test\circle\circle_0012.png,circle,test,128,128
data\generated\single\test\circle\circle_0013.png,circle,test,128,128
data\generated\single\test\circle\circle_0014.png,circle,test,128,128
data\generated\single\test\circle\circle_0015.png,circle,test,128,128
data\generated\single\test\circle\circle_0016.png,circle,test,128,128
data\generated\single\test\circle\circle_0017.png,circle,test,128,128
data\generated\single\test\circle\circle_0018.png,circle,test,128,128
data\generated\single\test\circle\circle_0019.png,circle,test,128,128
data\generated\single\test\circle\circle_0020.png,circle,test,128,128
data\generated\single\test\circle\circle_0021.png,circle,test,128,128
data\generated\single\test\circle\circle_0022.png,circle,test,128,128
data\generated\single\test\circle\circle_0023.png,circle,test,128,128
data\generated\single\test\circle\circle_0024.png,circle,test,128,128
data\generated\single\test\circle\circle_0025.png,circle,test,128,128
data\generated\single\test\circle\circle_0026.png,circle,test,128,128
data\generated\single\test\circle\circle_0027.png,circle,test,128,128
data\generated\single\test\circle\circle_0028.png,circle,test,128,128
data\generated\single\test\circle\circle_0029.png,circle,test,128,128
data\generated\single\test\circle\circle_0030.png,circle,test,128,128
data\generated\single\test\circle\circle_0031.png,circle,test,128,128
data\generated\single\test\circle\circle_0032.png,circle,test,128,128
data\generated\single\test\circle\circle_0033.png,circle,test,128,128
data\generated\single\test\circle\circle_0034.png,circle,test,128,128
data\generated\single\test\circle\circle_0035.png,circle,test,128,128
data\generated\single\test\circle\circle_0036.png,circle,test,128,128
data\generated\single\test\circle\circle_0037.png,circle,test,128,128
data\generated\single\test\circle\circle_0038.png,circle,test,128,128
data\generated\single\test\circle\circle_0039.png,circle,test,128,128
data\generated\single\test\circle\circle_0040.png,circle,test,128,128
data\generated\single\test\circle\circle_0041.png,circle,test,128,128
data\generated\single\test\circle\circle_0042.png,circle,test,128,128
data\generated\single\test\circle\circle_0043.png,circle,test,128,128
data\generated\single\test\circle\circle_0044.png,circle,test,128,128
data\generated\single\test\circle\circle_0045.png,circle,test,128,128
data\generated\single\test\circle\circle_0046.png,circle,test,128,128
data\generated\single\test\circle\circle_0047.png,circle,test,128,128
data\generated\single\test\circle\circle_0048.png,circle,test,128,128
data\generated\single\test\circle\circle_0049.png,circle,test,128,128
