path,true_total,pred_total,true_circle,pred_circle,true_triangle,pred_triangle,true_square,pred_square,true_pentagon,pred_pentagon,true_hexagon,pred_hexagon
data\generated\scenes\test\scene_0000.png,4,4,0,0,2,2,1,1,1,1,0,0
data\generated\scenes\test\scene_0001.png,4,4,0,0,1,1,0,0,0,0,3,3
data\generated\scenes\test\scene_0002.png,3,3,1,1,0,0,0,0,2,2,0,0
data\generated\scenes\test\scene_0003.png,3,3,0,0,1,1,1,1,1,1,0,0
data\generated\scenes\test\scene_0004.png,6,6,0,0,1,1,2,2,2,2,1,1
data\generated\scenes\test\scene_0005.png,4,4,1,1,0,0,1,1,2,2,0,0
data\generated\scenes\test\scene_0006.png,6,6,0,0,2,2,4,4,0,0,0,0
data\generated\scenes\test\scene_0007.png,5,5,3,3,1,1,0,0,0,0,1,1
data\generated\scenes\test\scene_0008.png,4,4,0,0,3,3,0,0,1,1,0,0
data\generated\scenes\test\scene_0009.png,6,6,1,1,2,2,0,0,2,2,1,1
data\generated\scenes\test\scene_0010.png,2,2,0,0,0,0,0,0,0,0,2,2
data\generated\scenes\test\scene_0011.png,2,2,0,0,1,1,0,0,0,0,1,1
data\generated\scenes\test\scene_0012.png,5,5,2,2,2,2,1,1,0,0,0,0
data\generated\scenes\test\scene_0013.png,2,2,0,0,0,0,0,0,2,2,0,0
data\generated\scenes\test\scene_0014.png,4,4,1,1,0,0,0,0,2,2,1,1
data\generated\scenes\test\scene_0015.png,2,2,1,1,0,0,0,0,1,1,0,0
data\generated\scenes\test\scene_0016.png,3,3,0,0,1,1,0,0,1,1,1,1
data\generated\scenes\test\scene_0017.png,4,4,1,1,0,0,1,1,0,0,2,2
data\generated\scenes\test\scene_0018.png,6,6,0,0,2,2,2,2,1,1,1,1
data\generated\scenes\test\scene_0019.png,4,4,1,1,1,1,0,0,1,1,1,1
data\generated\scenes\test\scene_0020.png,4,4,0,0,2,2,1,1,0,0,1,1
data\generated\scenes\test\scene_0021.png,2,2,1,1,0,0,0,0,0,0,1,1
data\generated\scenes\test\scene_0022.png,2,2,0,0,1,1,0,0,0,0,1,1
data\generated\scenes\test\scene_0023.png,3,3,0,0,1,1,2,2,0,0,0,0
data\generated\scenes\test\scene_0024.png,6,6,0,0,0,0,2,2,2,2,2,2
data\generated\scenes\test\scene_0025.png,3,3,1,1,1,1,0,0,1,1,0,0
data\generated\scenes\test\scene_0026.png,6,6,1,1,1,1,2,2,0,0,2,2
data\generated\scenes\test\scene_0027.png,4,4,1,1,0,0,1,1,1,1,1,1
data\generated\scenes\test\scene_0028.png,6,6,2,2,1,1,1,1,1,1,1,1
data\generated\scenes\test\scene_0029.png,4,4,0,0,0,0,0,0,2,2,2,2
data\generated\scenes\test\scene_0030.png,5,5,0,0,0,0,0,0,3,3,2,2
data\generated\scenes\test\scene_0031.png,3,3,2,2,0,0,1,1,0,0,0,0
data\generated\scenes\test\scene_0032.png,5,5,1,1,1,1,1,1,2,2,0,0
data\generated\scenes\test\scene_0033.png,6,6,0,0,1,1,0,0,2,2,3,3
data\generated\scenes\test\scene_0034.png,5,5,0,0,1,1,2,2,2,2,0,0
data\generated\scenes\test\scene_0035.png,2,2,0,0,0,0,1,1,1,1,0,0
data\generated\scenes\test\scene_0036.png,5,5,2,2,0,0,1,1,1,1,1,1
data\generated\scenes\test\scene_0037.png,4,4,1,1,0,0,2,2,1,1,0,0
data\generated\scenes\test\scene_0038.png,2,2,0,0,0,0,0,0,1,1,1,1
data\generated\scenes\test\scene_0039.png,3,3,1,1,0,0,1,1,1,1,0,0
