path,level,true_total,pred_total,true_circle,pred_circle,true_triangle,pred_triangle,true_square,pred_square,true_pentagon,pred_pentagon,true_hexagon,pred_hexagon,exact,abs_err,classes_ok
data\generated\hard\clean\clean_000.png,clean,4,4,1,1,2,2,0,0,1,1,0,0,True,0,True
data\generated\hard\clean\clean_001.png,clean,3,3,1,1,1,1,0,0,0,0,1,1,True,0,True
data\generated\hard\clean\clean_002.png,clean,5,5,2,2,1,1,1,1,0,0,1,1,True,0,True
data\generated\hard\clean\clean_003.png,clean,6,6,1,1,2,2,1,1,0,0,2,2,True,0,True
data\generated\hard\clean\clean_004.png,clean,4,4,1,1,1,1,1,1,0,0,1,1,True,0,True
data\generated\hard\clean\clean_005.png,clean,5,5,1,1,0,0,2,2,1,1,1,1,True,0,True
data\generated\hard\clean\clean_006.png,clean,2,2,0,0,1,1,1,1,0,0,0,0,True,0,True
data\generated\hard\clean\clean_007.png,clean,2,2,0,0,1,1,1,1,0,0,0,0,True,0,True
data\generated\hard\clean\clean_008.png,clean,3,3,0,0,0,0,1,1,0,0,2,2,True,0,True
data\generated\hard\clean\clean_009.png,clean,6,6,0,0,2,2,0,0,4,4,0,0,True,0,True
data\generated\hard\clean\clean_010.png,clean,5,5,1,1,3,3,0,0,0,0,1,1,True,0,True
data\generated\hard\clean\clean_011.png,clean,3,3,2,2,1,1,0,0,0,0,0,0,True,0,True
data\generated\hard\clean\clean_012.png,clean,3,3,0,0,2,2,0,0,0,0,1,1,True,0,True
data\generated\hard\clean\clean_013.png,clean,3,3,1,1,1,1,1,1,0,0,0,0,True,0,True
data\generated\hard\clean\clean_014.png,clean,2,2,0,0,1,1,0,0,1,1,0,0,True,0,True
data\generated\hard\clean\clean_015.png,clean,5,5,1,1,0,0,1,1,0,0,3,3,True,0,True
data\generated\hard\clean\clean_016.png,clean,5,5,0,0,0,0,1,1,4,4,0,0,True,0,True
data\generated\hard\clean\clean_017.png,clean,2,2,1,1,0,0,0,0,1,1,0,0,True,0,True
data\generated\hard\clean\clean_018.png,clean,2,2,0,0,0,0,0,0,1,1,1,1,True,0,True
data\generated\hard\clean\clean_019.png,clean,3,3,0,0,3,3,0,0,0,0,0,0,True,0,True
data\generated\hard\clean\clean_020.png,clean,2,2,0,0,2,2,0,0,0,0,0,0,True,0,True
data\generated\hard\clean\clean_021.png,clean,4,4,1,1,1,1,0,0,1,1,1,1,True,0,True
data\generated\hard\clean\clean_022.png,clean,3,3,1,1,0,0,1,1,0,0,1,1,True,0,True
data\generated\hard\clean\clean_023.png,clean,6,6,1,1,2,2,2,2,0,0,1,1,True,0,True
data\generated\hard\clean\clean_024.png,clean,4,4,1,1,2,2,0,0,1,1,0,0,True,0,True
data\generated\hard\clean\clean_025.png,clean,3,3,0,0,0,0,1,1,2,2,0,0,True,0,True
data\generated\hard\clean\clean_026.png,clean,3,3,2,2,0,0,0,0,1,1,0,0,True,0,True
data\generated\hard\clean\clean_027.png,clean,3,3,1,1,0,0,1,1,1,1,0,0,True,0,True
data\generated\hard\clean\clean_028.png,clean,5,5,0,0,1,1,1,1,3,3,0,0,True,0,True
data\generated\hard\clean\clean_029.png,clean,4,4,0,0,0,0,0,0,1,1,3,3,True,0,True
data\generated\hard\clean\clean_030.png,clean,2,2,0,0,0,0,1,1,0,0,1,1,True,0,True
data\generated\hard\clean\clean_031.png,clean,6,6,2,2,1,1,2,2,0,0,1,1,True,0,True
data\generated\hard\clean\clean_032.png,clean,6,6,3,3,1,1,0,0,0,0,2,2,True,0,True
data\generated\hard\clean\clean_033.png,clean,3,3,0,0,0,0,0,0,2,2,1,1,True,0,True
data\generated\hard\clean\clean_034.png,clean,2,2,0,0,0,0,0,0,2,2,0,0,True,0,True
data\generated\hard\clean\clean_035.png,clean,5,5,1,1,1,1,1,1,1,1,1,1,True,0,True
data\generated\hard\clean\clean_036.png,clean,2,2,0,0,0,0,1,1,0,0,1,1,True,0,True
data\generated\hard\clean\clean_037.png,clean,4,4,1,1,2,2,0,0,0,0,1,1,True,0,True
data\generated\hard\clean\clean_038.png,clean,2,2,1,1,1,1,0,0,0,0,0,0,True,0,True
data\generated\hard\clean\clean_039.png,clean,4,4,1,1,2,2,0,0,1,1,0,0,True,0,True
data\generated\hard\noisy\noisy_000.png,noisy,3,3,0,0,1,1,0,0,2,2,0,0,True,0,True
data\generated\hard\noisy\noisy_001.png,noisy,5,5,1,1,2,2,2,2,0,0,0,0,True,0,True
data\generated\hard\noisy\noisy_002.png,noisy,6,6,3,3,0,0,0,0,1,1,2,2,True,0,True
data\generated\hard\noisy\noisy_003.png,noisy,6,6,1,1,2,2,3,3,0,0,0,0,True,0,True
data\generated\hard\noisy\noisy_004.png,noisy,2,2,1,1,1,1,0,0,0,0,0,0,True,0,True
data\generated\hard\noisy\noisy_005.png,noisy,4,4,2,2,0,0,0,0,2,2,0,0,True,0,True
data\generated\hard\noisy\noisy_006.png,noisy,2,2,0,0,0,0,1,1,0,0,1,1,True,0,True
data\generated\hard\noisy\noisy_007.png,noisy,5,5,3,3,0,0,2,2,0,0,0,0,True,0,True
data\generated\hard\noisy\noisy_008.png,noisy,4,4,2,2,0,0,1,1,1,1,0,0,True,0,True
data\generated\hard\noisy\noisy_009.png,noisy,3,3,0,0,2,2,0,0,1,1,0,0,True,0,True
data\generated\hard\noisy\noisy_010.png,noisy,6,6,2,2,0,0,2,2,2,2,0,0,True,0,True
data\generated\hard\noisy\noisy_011.png,noisy,3,3,0,0,0,0,0,0,3,3,0,0,True,0,True
data\generated\hard\noisy\noisy_012.png,noisy,4,4,0,0,1,1,1,1,2,2,0,0,True,0,True
data\generated\hard\noisy\noisy_013.png,noisy,5,5,1,1,0,0,1,1,3,3,0,0,True,0,True
data\generated\hard\noisy\noisy_014.png,noisy,5,5,0,0,1,1,1,1,3,3,0,0,True,0,True
data\generated\hard\noisy\noisy_015.png,noisy,2,2,0,0,1,1,0,0,0,0,1,1,True,0,True
data\generated\hard\noisy\noisy_016.png,noisy,4,4,0,0,1,1,2,2,1,1,0,0,True,0,True
data\generated\hard\noisy\noisy_017.png,noisy,5,5,1,1,0,0,2,2,0,0,2,2,True,0,True
data\generated\hard\noisy\noisy_018.png,noisy,6,6,1,1,0,0,0,0,3,3,2,2,True,0,True
data\generated\hard\noisy\noisy_019.png,noisy,5,5,2,2,2,2,0,0,1,1,0,0,True,0,True
data\generated\hard\noisy\noisy_020.png,noisy,4,4,0,0,1,1,3,3,0,0,0,0,True,0,True
data\generated\hard\noisy\noisy_021.png,noisy,5,5,3,3,1,1,1,1,0,0,0,0,True,0,True
data\generated\hard\noisy\noisy_022.png,noisy,2,2,0,0,0,0,1,1,0,0,1,1,True,0,True
data\generated\hard\noisy\noisy_023.png,noisy,5,5,0,0,2,2,2,2,1,1,0,0,True,0,True
data\generated\hard\noisy\noisy_024.png,noisy,5,5,1,1,2,2,2,2,0,0,0,0,True,0,True
data\generated\hard\noisy\noisy_025.png,noisy,6,6,0,0,2,2,1,1,1,1,2,2,True,0,True
data\generated\hard\noisy\noisy_026.png,noisy,2,2,0,0,1,1,0,0,1,1,0,0,True,0,True
data\generated\hard\noisy\noisy_027.png,noisy,2,2,1,1,0,0,1,1,0,0,0,0,True,0,True
data\generated\hard\noisy\noisy_028.png,noisy,3,3,0,0,2,2,1,1,0,0,0,0,True,0,True
data\generated\hard\noisy\noisy_029.png,noisy,4,4,0,0,3,3,1,1,0,0,0,0,True,0,True
data\generated\hard\noisy\noisy_030.png,noisy,4,4,0,0,1,1,1,1,2,2,0,0,True,0,True
data\generated\hard\noisy\noisy_031.png,noisy,2,2,0,0,1,1,0,0,0,0,1,1,True,0,True
data\generated\hard\noisy\noisy_032.png,noisy,2,2,0,0,1,1,1,1,0,0,0,0,True,0,True
data\generated\hard\noisy\noisy_033.png,noisy,5,5,0,0,3,3,1,1,1,1,0,0,True,0,True
data\generated\hard\noisy\noisy_034.png,noisy,2,2,0,0,0,0,1,1,1,1,0,0,True,0,True
data\generated\hard\noisy\noisy_035.png,noisy,4,4,1,1,2,2,0,0,0,0,1,1,True,0,True
data\generated\hard\noisy\noisy_036.png,noisy,4,4,0,0,0,0,1,1,1,1,2,2,True,0,True
data\generated\hard\noisy\noisy_037.png,noisy,6,6,1,1,2,2,1,1,1,1,1,1,True,0,True
data\generated\hard\noisy\noisy_038.png,noisy,4,4,0,0,0,0,0,0,1,1,3,3,True,0,True
data\generated\hard\noisy\noisy_039.png,noisy,2,2,0,0,0,0,0,0,0,0,2,2,True,0,True
data\generated\hard\blurry\blurry_000.png,blurry,4,4,2,2,0,0,1,1,1,1,0,0,True,0,True
data\generated\hard\blurry\blurry_001.png,blurry,2,2,0,0,0,0,1,1,1,1,0,0,True,0,True
data\generated\hard\blurry\blurry_002.png,blurry,4,4,0,0,1,1,1,1,0,0,2,2,True,0,True
data\generated\hard\blurry\blurry_003.png,blurry,3,3,0,0,1,1,1,1,1,1,0,0,True,0,True
data\generated\hard\blurry\blurry_004.png,blurry,4,4,1,1,2,2,0,0,0,0,1,1,True,0,True
data\generated\hard\blurry\blurry_005.png,blurry,6,6,1,1,4,4,1,1,0,0,0,0,True,0,True
data\generated\hard\blurry\blurry_006.png,blurry,6,6,1,1,0,0,3,3,1,1,1,1,True,0,True
data\generated\hard\blurry\blurry_007.png,blurry,4,4,0,0,2,2,0,0,1,1,1,1,True,0,True
data\generated\hard\blurry\blurry_008.png,blurry,4,4,0,0,0,0,0,0,0,0,4,4,True,0,True
data\generated\hard\blurry\blurry_009.png,blurry,5,5,0,0,2,2,0,0,1,1,2,2,True,0,True
data\generated\hard\blurry\blurry_010.png,blurry,5,5,2,2,1,1,0,0,1,1,1,1,True,0,True
data\generated\hard\blurry\blurry_011.png,blurry,4,4,0,0,1,1,1,1,1,1,1,1,True,0,True
data\generated\hard\blurry\blurry_012.png,blurry,4,4,1,1,1,1,1,1,1,1,0,0,True,0,True
data\generated\hard\blurry\blurry_013.png,blurry,4,4,1,1,1,1,1,1,1,1,0,0,True,0,True
data\generated\hard\blurry\blurry_014.png,blurry,3,3,1,1,0,0,1,1,1,1,0,0,True,0,True
data\generated\hard\blurry\blurry_015.png,blurry,4,4,0,0,1,1,2,2,0,0,1,1,True,0,True
data\generated\hard\blurry\blurry_016.png,blurry,2,2,0,0,0,0,1,1,1,1,0,0,True,0,True
data\generated\hard\blurry\blurry_017.png,blurry,4,4,2,2,0,0,0,0,2,2,0,0,True,0,True
data\generated\hard\blurry\blurry_018.png,blurry,3,3,0,0,1,1,0,0,1,1,1,1,True,0,True
data\generated\hard\blurry\blurry_019.png,blurry,2,2,0,0,1,1,0,0,1,1,0,0,True,0,True
data\generated\hard\blurry\blurry_020.png,blurry,3,3,0,0,0,0,1,1,1,1,1,1,True,0,True
data\generated\hard\blurry\blurry_021.png,blurry,6,6,2,2,1,1,2,2,0,0,1,1,True,0,True
data\generated\hard\blurry\blurry_022.png,blurry,3,3,0,0,0,0,1,1,0,0,2,2,True,0,True
data\generated\hard\blurry\blurry_023.png,blurry,2,2,0,0,1,1,0,0,1,1,0,0,True,0,True
data\generated\hard\blurry\blurry_024.png,blurry,3,3,0,0,2,2,0,0,0,0,1,1,True,0,True
data\generated\hard\blurry\blurry_025.png,blurry,6,6,1,1,2,2,0,0,2,1,1,2,True,0,False
data\generated\hard\blurry\blurry_026.png,blurry,2,2,0,0,0,0,0,0,2,2,0,0,True,0,True
data\generated\hard\blurry\blurry_027.png,blurry,5,5,1,1,0,0,2,2,1,1,1,1,True,0,True
data\generated\hard\blurry\blurry_028.png,blurry,2,2,0,0,0,0,2,2,0,0,0,0,True,0,True
data\generated\hard\blurry\blurry_029.png,blurry,2,2,0,0,1,1,0,0,1,1,0,0,True,0,True
data\generated\hard\blurry\blurry_030.png,blurry,5,5,1,1,1,1,0,0,2,2,1,1,True,0,True
data\generated\hard\blurry\blurry_031.png,blurry,2,2,0,0,0,0,0,0,2,2,0,0,True,0,True
data\generated\hard\blurry\blurry_032.png,blurry,2,2,0,0,0,0,2,2,0,0,0,0,True,0,True
data\generated\hard\blurry\blurry_033.png,blurry,5,5,0,0,2,2,0,0,2,2,1,1,True,0,True
data\generated\hard\blurry\blurry_034.png,blurry,3,3,1,1,0,0,2,2,0,0,0,0,True,0,True
data\generated\hard\blurry\blurry_035.png,blurry,6,6,1,1,3,3,1,1,0,0,1,1,True,0,True
data\generated\hard\blurry\blurry_036.png,blurry,6,6,0,0,2,2,3,3,1,1,0,0,True,0,True
data\generated\hard\blurry\blurry_037.png,blurry,6,6,3,3,1,1,0,0,2,2,0,0,True,0,True
data\generated\hard\blurry\blurry_038.png,blurry,4,4,2,2,0,0,0,0,1,1,1,1,True,0,True
data\generated\hard\blurry\blurry_039.png,blurry,6,6,2,2,0,0,1,1,1,1,2,2,True,0,True
data\generated\hard\touching\touching_000.png,touching,3,3,1,1,0,0,0,0,1,1,1,1,True,0,True
data\generated\hard\touching\touching_001.png,touching,2,2,1,1,0,0,0,0,1,1,0,0,True,0,True
data\generated\hard\touching\touching_002.png,touching,5,5,2,2,1,1,0,0,1,1,1,1,True,0,True
data\generated\hard\touching\touching_003.png,touching,6,6,2,2,1,1,0,0,2,2,1,1,True,0,True
data\generated\hard\touching\touching_004.png,touching,4,4,1,1,1,1,2,2,0,0,0,0,True,0,True
data\generated\hard\touching\touching_005.png,touching,2,2,0,0,1,1,0,0,0,0,1,1,True,0,True
data\generated\hard\touching\touching_006.png,touching,3,3,1,1,0,0,0,0,1,1,1,1,True,0,True
data\generated\hard\touching\touching_007.png,touching,2,2,1,1,1,1,0,0,0,0,0,0,True,0,True
data\generated\hard\touching\touching_008.png,touching,6,6,1,1,2,2,1,1,1,1,1,1,True,0,True
data\generated\hard\touching\touching_009.png,touching,4,4,2,2,1,1,0,0,0,0,1,1,True,0,True
data\generated\hard\touching\touching_010.png,touching,6,6,2,2,0,0,1,1,1,1,2,2,True,0,True
data\generated\hard\touching\touching_011.png,touching,2,2,0,0,0,0,1,1,1,1,0,0,True,0,True
data\generated\hard\touching\touching_012.png,touching,3,3,1,1,1,1,0,0,0,0,1,1,True,0,True
data\generated\hard\touching\touching_013.png,touching,5,5,0,0,2,2,1,1,2,2,0,0,True,0,True
data\generated\hard\touching\touching_014.png,touching,6,6,0,0,2,2,2,2,1,1,1,1,True,0,True
data\generated\hard\touching\touching_015.png,touching,5,5,2,2,1,1,2,2,0,0,0,0,True,0,True
data\generated\hard\touching\touching_016.png,touching,4,4,2,2,0,0,0,0,2,2,0,0,True,0,True
data\generated\hard\touching\touching_017.png,touching,4,4,0,0,1,1,1,1,1,1,1,1,True,0,True
data\generated\hard\touching\touching_018.png,touching,5,5,2,2,0,0,0,0,2,1,1,2,True,0,False
data\generated\hard\touching\touching_019.png,touching,3,3,0,0,0,0,0,0,2,2,1,1,True,0,True
data\generated\hard\touching\touching_020.png,touching,4,4,0,0,1,1,1,1,0,0,2,2,True,0,True
data\generated\hard\touching\touching_021.png,touching,5,5,0,0,2,2,1,1,1,1,1,1,True,0,True
data\generated\hard\touching\touching_022.png,touching,4,4,2,2,0,0,2,2,0,0,0,0,True,0,True
data\generated\hard\touching\touching_023.png,touching,5,5,2,2,0,0,2,2,1,1,0,0,True,0,True
data\generated\hard\touching\touching_024.png,touching,4,4,0,0,1,1,0,0,1,1,2,2,True,0,True
data\generated\hard\touching\touching_025.png,touching,3,3,2,2,0,0,0,0,0,0,1,1,True,0,True
data\generated\hard\touching\touching_026.png,touching,5,5,2,2,2,2,0,0,1,1,0,0,True,0,True
data\generated\hard\touching\touching_027.png,touching,5,5,1,1,1,1,3,3,0,0,0,0,True,0,True
data\generated\hard\touching\touching_028.png,touching,3,3,0,0,1,1,1,1,1,1,0,0,True,0,True
data\generated\hard\touching\touching_029.png,touching,3,3,0,0,1,1,1,1,1,1,0,0,True,0,True
data\generated\hard\touching\touching_030.png,touching,6,6,4,4,0,0,1,1,0,0,1,1,True,0,True
data\generated\hard\touching\touching_031.png,touching,3,3,2,2,1,1,0,0,0,0,0,0,True,0,True
data\generated\hard\touching\touching_032.png,touching,3,3,0,0,0,0,2,2,0,0,1,1,True,0,True
data\generated\hard\touching\touching_033.png,touching,2,2,1,1,0,0,0,0,1,0,0,1,True,0,False
data\generated\hard\touching\touching_034.png,touching,6,6,1,1,2,2,0,0,2,2,1,1,True,0,True
data\generated\hard\touching\touching_035.png,touching,5,5,1,1,0,0,0,0,2,1,2,3,True,0,False
data\generated\hard\touching\touching_036.png,touching,5,5,0,0,2,2,0,0,1,1,2,2,True,0,True
data\generated\hard\touching\touching_037.png,touching,6,6,2,2,2,2,0,0,1,1,1,1,True,0,True
data\generated\hard\touching\touching_038.png,touching,3,3,1,1,2,2,0,0,0,0,0,0,True,0,True
data\generated\hard\touching\touching_039.png,touching,4,4,1,1,0,0,1,1,1,1,1,1,True,0,True
data\generated\hard\overlap\overlap_000.png,overlap,5,5,1,1,1,1,2,2,0,0,1,1,True,0,True
data\generated\hard\overlap\overlap_001.png,overlap,4,4,0,0,3,3,1,1,0,0,0,0,True,0,True
data\generated\hard\overlap\overlap_002.png,overlap,4,4,1,1,2,2,1,0,0,1,0,0,True,0,False
data\generated\hard\overlap\overlap_003.png,overlap,5,5,0,0,2,2,0,0,1,1,2,2,True,0,True
data\generated\hard\overlap\overlap_004.png,overlap,6,6,1,1,2,2,1,1,1,1,1,1,True,0,True
data\generated\hard\overlap\overlap_005.png,overlap,2,2,0,0,2,2,0,0,0,0,0,0,True,0,True
data\generated\hard\overlap\overlap_006.png,overlap,6,5,2,1,1,1,1,1,2,2,0,0,False,1,False
data\generated\hard\overlap\overlap_007.png,overlap,6,6,2,2,1,1,2,2,0,0,1,1,True,0,True
data\generated\hard\overlap\overlap_008.png,overlap,2,2,0,0,0,0,0,0,1,1,1,1,True,0,True
data\generated\hard\overlap\overlap_009.png,overlap,4,3,2,1,0,1,0,0,2,1,0,0,False,1,False
data\generated\hard\overlap\overlap_010.png,overlap,2,2,1,1,0,0,1,1,0,0,0,0,True,0,True
data\generated\hard\overlap\overlap_011.png,overlap,4,4,0,0,4,4,0,0,0,0,0,0,True,0,True
data\generated\hard\overlap\overlap_012.png,overlap,4,4,0,0,1,1,3,3,0,0,0,0,True,0,True
data\generated\hard\overlap\overlap_013.png,overlap,5,5,2,1,1,1,0,0,1,1,1,2,True,0,False
data\generated\hard\overlap\overlap_014.png,overlap,2,2,0,0,2,2,0,0,0,0,0,0,True,0,True
data\generated\hard\overlap\overlap_015.png,overlap,5,5,0,0,0,0,2,3,2,1,1,1,True,0,False
data\generated\hard\overlap\overlap_016.png,overlap,5,5,1,0,1,1,2,2,0,0,1,2,True,0,False
data\generated\hard\overlap\overlap_017.png,overlap,6,5,0,0,2,2,2,2,2,1,0,0,False,1,False
data\generated\hard\overlap\overlap_018.png,overlap,3,3,1,1,0,0,1,1,0,0,1,1,True,0,True
data\generated\hard\overlap\overlap_019.png,overlap,2,2,0,0,1,1,0,0,1,1,0,0,True,0,True
data\generated\hard\overlap\overlap_020.png,overlap,5,4,2,1,1,1,1,1,0,0,1,1,False,1,False
data\generated\hard\overlap\overlap_021.png,overlap,6,6,2,2,1,1,2,2,0,0,1,1,True,0,True
data\generated\hard\overlap\overlap_022.png,overlap,6,6,1,0,0,0,1,1,2,2,2,3,True,0,False
data\generated\hard\overlap\overlap_023.png,overlap,6,6,0,0,3,3,1,1,0,1,2,1,True,0,False
data\generated\hard\overlap\overlap_024.png,overlap,2,2,1,1,0,0,1,1,0,0,0,0,True,0,True
data\generated\hard\overlap\overlap_025.png,overlap,6,6,1,0,0,0,1,1,1,2,3,3,True,0,False
data\generated\hard\overlap\overlap_026.png,overlap,3,3,0,0,0,0,2,2,0,0,1,1,True,0,True
data\generated\hard\overlap\overlap_027.png,overlap,6,4,2,0,2,2,0,1,2,1,0,0,False,2,False
data\generated\hard\overlap\overlap_028.png,overlap,3,3,1,1,0,0,0,0,2,2,0,0,True,0,True
data\generated\hard\overlap\overlap_029.png,overlap,6,6,1,1,2,2,0,0,1,1,2,2,True,0,True
data\generated\hard\overlap\overlap_030.png,overlap,5,5,1,1,0,0,1,1,3,3,0,0,True,0,True
data\generated\hard\overlap\overlap_031.png,overlap,2,2,0,0,0,0,0,0,1,1,1,1,True,0,True
data\generated\hard\overlap\overlap_032.png,overlap,4,3,2,1,0,1,1,1,0,0,1,0,False,1,False
data\generated\hard\overlap\overlap_033.png,overlap,3,3,0,0,1,1,0,0,1,1,1,1,True,0,True
data\generated\hard\overlap\overlap_034.png,overlap,4,4,0,0,0,0,1,1,1,1,2,2,True,0,True
data\generated\hard\overlap\overlap_035.png,overlap,2,2,1,1,0,0,0,0,0,0,1,1,True,0,True
data\generated\hard\overlap\overlap_036.png,overlap,5,5,1,1,0,0,1,1,1,1,2,2,True,0,True
data\generated\hard\overlap\overlap_037.png,overlap,2,2,1,1,0,0,0,0,0,0,1,1,True,0,True
data\generated\hard\overlap\overlap_038.png,overlap,2,2,0,0,0,0,1,1,0,0,1,1,True,0,True
data\generated\hard\overlap\overlap_039.png,overlap,5,4,1,1,2,1,1,1,1,1,0,0,False,1,False
