feature,generated,kaggle_2d,kaggle_simple
area,0.742,0.79125,0.7583333333333333
perimeter,0.544,0.595625,0.2875
circularity,0.922,0.834375,0.9430555555555555
solidity,0.587,0.73625,0.5611111111111111
circle_fill,0.999,0.99875,0.9944444444444445
rect_fill,0.999,0.995,0.9763888888888889
rect_aspect,0.66,0.614375,0.2833333333333333
n_vertices_2,0.955,0.98125,0.9347222222222222
n_vertices_4,1.0,1.0,0.8208333333333333
hu1,1.0,1.0,0.9986111111111111
hu2,0.375,0.4,0.12777777777777777
hu3,0.446,0.684375,0.3416666666666667
hu4,0.589,0.500625,0.31527777777777777
hu5,0.442,0.474375,0.34444444444444444
hu6,0.355,0.294375,0.17777777777777778
hu7,0.494,0.306875,0.38055555555555554
